id	mode	decision	objective	sources	stem	task	correct
C001	normal	sinus	O2	ECG,CYCLE	Sınırlandırılmış sentetik eğitim senaryosu. Rutin muayenede düzenli 75/dk elektriksel hız, II’de pozitif P ve her dar QRS öncesinde sabit P vardır.	Bu verilerin desteklediği örüntü hangisidir?	Normal sinüs örüntüsü
C002	normal	sinusAxis	O1	ECG,CYCLE	Sınırlandırılmış sentetik eğitim senaryosu. II’de ayrık pozitif P ve aVR’de negatif P, her 80 ms QRS öncesinde görülüyor; yalnız P ekseni sorgulanıyor.	Bu modelde sinüs P’sini destekleyen yön dağılımı hangisidir?	II’de pozitif ve aVR’de negatif ayrık P destekleyicidir
C003	normal	pulse	O4	ECG,CYCLE	Sınırlandırılmış sentetik eğitim senaryosu. Palpasyonda dakikada 70 nabız sayılmış; aynı zaman aralığındaki EKG’de 75/dk organize QRS seçiliyor.	İki hızın farklılığı için hangi değerlendirme gerekir?	Mekanik nabız ayrıca klinik olarak değerlendirilir
C004	normal	rr800	O6	ECG,CYCLE	Sınırlandırılmış sentetik eğitim senaryosu. Aile hekimi kaydında iki R tepesi arasında 800 ms bulunuyor; P–QRS ilişkisi sabit.	Elektriksel ventrikül hızı kaçtır?	75/dk
C005	normal	pr175	O6	ECG,CYCLE	Sınırlandırılmış sentetik eğitim senaryosu. Kaliper P’nin ilk sapmasını R’ye göre−215 ms, QRS’nin ilk sapmasını−40 ms işaretliyor.	PR aralığı hangi değerdir?	175 ms
C006	normal	q80	O6	ECG,CYCLE	Sınırlandırılmış sentetik eğitim senaryosu. Kişi QRS’nin yalnız R tepesini ölçmüş; şeklin ilk sapması−40 ms, son dönüşü+40 ms.	Toplam QRS süresi kaçtır?	80 ms
C007	normal	pr	O6	ECG,CYCLE	Sınırlandırılmış sentetik eğitim senaryosu. Bir öğrenci sessiz PR segmentini tüm PR aralığı sanıyor; P başlangıcı ve QRS başlangıcı görülüyor.	Hangi sınırlar standart PR’yi verir?	P başlangıcından QRS başlangıcına ölçülür
C008	normal	fill	O4	ECG,CYCLE	Sınırlandırılmış sentetik eğitim senaryosu. T dalgasından sonra kapak katmanında AV giriş açık, aort çıkışı kapalı gösteriliyor.	Bu kapak ve hacim düzeni nasıl yorumlanır?	AV kapaklar açık; ventriküler doluş
C009	normal	mechanic	O4	ECG,CYCLE	Sınırlandırılmış sentetik eğitim senaryosu. R’den 45 ms sonra ventrikül kasılmaya başlamış; aort ve pulmoner çıkış henüz kapalı.	Hangi mekanik evre açıklaması tutarlıdır?	Tüm kapaklar kapalı; izovolümetrik kasılma
C010	normal	eject	O4	ECG,CYCLE	Sınırlandırılmış sentetik eğitim senaryosu. R’den 140 ms sonra semilüner kapaklar açık; AV kapaklar kapalı ve ileri parçacıklar ilerliyor.	Bu an için hangi açıklama uygundur?	Çıkış kapakları açık; ventriküler ejeksiyon
C011	normal	t	O1	ECG,CYCLE	Sınırlandırılmış sentetik eğitim senaryosu. R’den 245 ms sonra T dalgası seçiliyor; ejeksiyonun son bölümü hâlâ sürüyor.	T’nin temel elektriksel anlamı nedir?	T: ventriküler repolarizasyon
C012	normal	p	O1	ECG,CYCLE	Sınırlandırılmış sentetik eğitim senaryosu. İzde QRS başlamadan önce ayrık P, atriyal animasyondan biraz önce beliriyor.	P’nin kaydettiği olay hangisidir?	P: atriyal depolarizasyon
C013	normal	qrs	O1	ECG,CYCLE	Sınırlandırılmış sentetik eğitim senaryosu. Bilek nabzı muayenede değerlendirilmemiş; sadece düzenli dar QRS kaydı var.	QRS’nin doğrudan temsil ettiği olay hangisidir?	QRS: ventriküler depolarizasyon
C014	normal	limb	O3	ECG,CYCLE	Sınırlandırılmış sentetik eğitim senaryosu. Aynı zaman noktasında I 0,72 mV, II 1,00 mV, III 0,28 mV kaydediliyor.	Bu üç sinyal arasındaki temel ilişki hangisidir?	II=I+III aynı anda sağlanır
C015	normal	limits	O5	ECG,CYCLE	Sınırlandırılmış sentetik eğitim senaryosu. Yakınması olmayan kişinin kısa normal örüntüsü var; ailede kalp hastalığı öyküsü ayrıca sorgulanıyor.	Bu kayıtla risk ve etiyoloji hakkında hangi çıkarım sınırı korunmalıdır?	Örüntü desteklenir; etiyoloji/risk ek veri ister
C016	af	af	O2	AF2024	Sınırlandırılmış sentetik eğitim senaryosu. Çarpıntıda dar QRS dizisinin R–R aralıkları 620,870,710,990 ms; ayrık tutarlı P yok.	En uygun ritim örüntüsü hangisidir?	Atriyal fibrilasyon örüntüsü
C017	af	afEarly	O2	AF2024	Sınırlandırılmış sentetik eğitim senaryosu. Dizinin tamamında kısa ve uzun dar döngüler var; tek erken geniş farklı kompleks seçilmiyor.	AF düzensizliği izole PVC’den nasıl ayrılır?	Düzensiz dar yanıt izole erken geniş PVC’den ayrılır
C018	af	afRR	O1	AF2024	Sınırlandırılmış sentetik eğitim senaryosu. Monitör bir 620 ms aralıktan 97/dk bildiriyor; izde sonra 990 ms aralık geliyor.	Hızı temsil etmek için hangi yaklaşım uygundur?	Birden fazla ardışık R–R birlikte incelenir
C019	af	afProfile	O1	AF2024	Sınırlandırılmış sentetik eğitim senaryosu. Kontrollü hız seçeneğinde 600–1000 ms değişken döngüler var; hasta semptomları ayrı kaydediliyor.	Atriyal köken ve hız profili nasıl birlikte yorumlanır?	Düzensizlik korunur; hızlı profil daha kısa R–R içerir
C020	af	fastFill	O4	AF2024,CYCLE	Sınırlandırılmış sentetik eğitim senaryosu. Hızlı AF 340–560 ms döngüleri nedeniyle diyastol kısa; hasta debisi ölçülmemiş.	Hız artışı ve doluş için hangi sınırlı ifade uygundur?	Kısa döngü diyastolik doluş süresini kısaltabilir
C021	af	prNone	O6	AF2024,ECG	Sınırlandırılmış sentetik eğitim senaryosu. F dalgası aranıyor fakat ayrık P yok; öğrenci otomatik 175 ms PR yazmak istiyor.	PR hakkında hangi ifade savunulabilir?	Ayrık ilişkili P olmadığı için PR ölçülemez
C022	af	afAtrial	O4	AF2024,CYCLE	Sınırlandırılmış sentetik eğitim senaryosu. Atriyum animasyonunda titreme var, koordine kasılma yok; AV kapaklar diyastolde açılıyor.	Doluşun atriyal bileşenine ne olur?	Organize atriyal kasılma katkısı kaybolur
C023	af	pulse	O4	AF2024,CYCLE	Sınırlandırılmış sentetik eğitim senaryosu. Elektriksel QRS sayısı bilek nabzından fazla; basınç ve perfüzyon ölçümü henüz yapılmadı.	Mekanik etkinlik için hangi ek değerlendirme gerekir?	Mekanik nabız ayrıca klinik olarak değerlendirilir
C024	af	afRisk	O5	AF2024	Sınırlandırılmış sentetik eğitim senaryosu. AF kaydı ve hipertansiyon öyküsü birlikte değerlendirilmekte; yaş ve diğer risk bilgileri eksik.	Tromboemboli değerlendirmesi için hangi yaklaşım uygundur?	Tromboemboli riski klinik risk verileriyle değerlendirilir
C025	af	limits	O5	AF2024	Sınırlandırılmış sentetik eğitim senaryosu. Yavaşlayan ventrikül yanıtı sonrası kısa şerit var; AF’nin başlangıç zamanı, yükü ve nedeni bilinmiyor.	Kayıttan etiyoloji konusunda hangi sınır gerekir?	Örüntü desteklenir; etiyoloji/risk ek veri ister
C026	af	q80	O6	AF2024,ECG	Sınırlandırılmış sentetik eğitim senaryosu. Bir düzensiz dar QRS’nin ilk ve son sapması−40/+40 ms; tabanda f etkinliği var.	Bu ventriküler kompleksin süresi kaçtır?	80 ms
C027	af	qrs	O1	AF2024	Sınırlandırılmış sentetik eğitim senaryosu. Tabandaki ince f voltajı artmış, ancak organize QRS’ler hâlâ ayırt edilebiliyor.	QRS’nin elektriksel tanımı hangisidir?	QRS: ventriküler depolarizasyon
C028	af	fill	O4	AF2024,CYCLE	Sınırlandırılmış sentetik eğitim senaryosu. Uzun R–R sonrası diyastolde AV kapaklar açık; öğrenci pasif doluşu tamamen durmuş sanıyor.	Gözlenen kapak düzeni nasıl yorumlanmalıdır?	AV kapaklar açık; ventriküler doluş
C029	af	avr	O3	AF2024,ECG	Sınırlandırılmış sentetik eğitim senaryosu. Aynı anda I ve II’den aVR hesaplanıyor; düzensiz f ve QRS bileşenleri birlikte dönüştürülüyor.	Doğru aVR ilişkisi hangisidir?	aVR=−(I+II)/2
C030	af	leadAll	O3	AF2024,ECG	Sınırlandırılmış sentetik eğitim senaryosu. AF sinyali II’den V1’e geçince f morfolojisi değişiyor ama düzensiz QRS dizisi aynı kaynaktan geliyor.	Lead değişimi nasıl yorumlanır?	Derivasyonlar aynı elektriksel kaynağın farklı izdüşümleridir
C031	stemi	anterior	O3	ACS2023,ECG	Sınırlandırılmış sentetik eğitim senaryosu. Baskı tarzında ağrı sırasında V1–V4’te komşu ST yükselmesi; II’de düzenli P ve dar QRS korunuyor.	ST değişiminin dağılımı hangisidir?	Anterior prekordiyal ST dağılımı
C032	stemi	stContiguous	O3	ACS2023,ECG	Sınırlandırılmış sentetik eğitim senaryosu. Yeni ağrıda V2, V3, V4 komşu yükselmesi ayrı ayrı görülüyor; öğrenci sadece en yüksek V3’e bakıyor.	Bölgesel yorum için hangi yöntem uygundur?	Komşu derivasyonlardaki dağılım birlikte incelenir
C033	stemi	urgent	O5	ACS2023	Sınırlandırılmış sentetik eğitim senaryosu. İskemik belirtilerle düzenli 75/dk ritim görülüyor; ağrı 20 dakikadır sürüyor.	Ritim düzenli olsa da hangi klinik değerlendirme ilkesi geçerlidir?	Semptom/perfüzyonla acil değerlendirme ve uygun algoritma
C034	stemi	ischemiaLimits	O5	ACS2023	Sınırlandırılmış sentetik eğitim senaryosu. Öğrenci yalnız V3 ST yüksekliğinden kesin sorumlu koroner damarı seçmek istiyor.	Hangi çıkarım sınırı korunmalıdır?	Bölgesel ST örüntüsü klinik bağlam ve seri EKG ister
C035	stemi	st32	O6	ACS2023,ECG	Sınırlandırılmış sentetik eğitim senaryosu. Sentetik V3’te QRS sonundan 20 ms sonra voltaj+0,32 mV; TP tabanı sıfır.	ST ölçümünün değeri kaçtır?	+0,32 mV
C036	stemi	st	O6	ACS2023,ECG	Sınırlandırılmış sentetik eğitim senaryosu. R tepe genliği belirgin ama ST platosu daha küçük; ölçüm aracı J sonrası bölgeyi işaretliyor.	ST yüksekliği hangi ölçümle tanımlanır?	J sonrası ST voltajı uygun tabana göre ölçülür
C037	stemi	ischemiaFlow	O4	ACS2023,CYCLE	Sınırlandırılmış sentetik eğitim senaryosu. Ekranda anterior duvar bölgesi zayıf hareket ediyor; aort yolundaki parçacıklar sürüyor.	Bölgesel iskemi ve global akım nasıl ayrılır?	Bölgesel azalma şematiktir; global ileri akım sürebilir
C038	stemi	leadAll	O3	ACS2023,ECG	Sınırlandırılmış sentetik eğitim senaryosu. V3’ten II’ye geçince ST yüksekliği farklılaşıyor; kalbin ritmi ve klinik belirtiler değişmiyor.	Derivasyon seçiminde değişen temel özellik nedir?	Derivasyonlar aynı elektriksel kaynağın farklı izdüşümleridir
C039	stemi	pulse	O4	ACS2023,CYCLE	Sınırlandırılmış sentetik eğitim senaryosu. ST yüksekliği ve düzenli QRS var; hasta nabzı ile basıncı henüz değerlendirilmiyor.	Elektriksel kayda ek olarak ne gerekir?	Mekanik nabız ayrıca klinik olarak değerlendirilir
C040	stemi	pr175	O6	ACS2023,ECG	Sınırlandırılmış sentetik eğitim senaryosu. P ilk sapma−215 ms ve QRS ilk sapma−40 ms; ST değişimi QRS sonrasında.	Bu örnekte PR kaçtır?	175 ms
C041	stemi	q80	O6	ACS2023,ECG	Sınırlandırılmış sentetik eğitim senaryosu. Dar QRS’nin zaman desteği−40 ms’den+40 ms’ye; ST yükselmesi daha sonra başlıyor.	QRS süresi kaçtır?	80 ms
C042	stemi	qt	O6	ACS2023,ECG	Sınırlandırılmış sentetik eğitim senaryosu. T’nin son sınırı görülüyor, ancak öğrenci QT için R tepesinden T tepesine gidiyor.	QT için hangi sınırlar kullanılmalıdır?	QRS başlangıcından T sonuna ölçülür
C043	stemi	j	O6	ACS2023,ECG	Sınırlandırılmış sentetik eğitim senaryosu. QRS’nin son dönüşünde yükselmiş ST platosuna geçiş görülüyor; kaliper sınırı R tepesinde değil.	Bu geçişin tanımı hangisidir?	J noktası QRS’nin bittiği ST başlangıç sınırıdır
C044	stemi	eject	O4	ACS2023,CYCLE	Sınırlandırılmış sentetik eğitim senaryosu. R’den 140 ms sonra çıkış kapakları açık, AV kapaklar kapalı; duvar bölgesi asimetrik.	Kapak düzeninin gösterdiği mekanik evre nedir?	Çıkış kapakları açık; ventriküler ejeksiyon
C045	stemi	avl	O3	ACS2023,ECG	Sınırlandırılmış sentetik eğitim senaryosu. Aynı anda I+0,04 mV ve II−0,04 mV ST bileşenleri var; artırılmış sol kol türetiliyor.	aVL hangi dönüşümle elde edilir?	aVL=I−II/2
C046	pvc	pvc	O2	VA2022	Sınırlandırılmış sentetik eğitim senaryosu. Temel 800 ms sinüs dizisine 480 ms’de gelen 140 ms farklı kompleks eklenmiş; ilişkili öncül P yok.	Erken olayın en uygun sınıflaması hangisidir?	Ventriküler erken atımla uyumlu örüntü
C047	pvc	qrsWidthCause	O5	VA2022	Sınırlandırılmış sentetik eğitim senaryosu. Erken kompleks 140 ms ve farklı morfolojili; sonraki sinüs kompleksleri 80 ms, sürekli terminal dal morfolojisi yok.	Genişliğin tek başına etiyoloji sayılması nasıl önlenir?	Genişlik morfoloji ve klinik kanıtla birlikte yorumlanır
C048	pvc	pvcOrigin	O2	VA2022	Sınırlandırılmış sentetik eğitim senaryosu. Öğrenci erken atımın kaynağını P yerine QRS’nin farklı yönü ve zamanından değerlendiriyor.	Bu örnekte uyarının başlangıcı nasıl açıklanır?	Beklenen sinüs atımından önce ventriküler aktivasyon
C049	pvc	pvcPause	O1	VA2022	Sınırlandırılmış sentetik eğitim senaryosu. Erken 480 ms ve ardından 1120 ms aralık; temel sinüs döngüsü 800 ms.	Bu duraklama için doğru hesap ve yorum hangisidir?	Erken aralıkla duraklama toplamı iki temel döngüdür
C050	pvc	q140	O6	VA2022,ECG	Sınırlandırılmış sentetik eğitim senaryosu. Erken kompleksin ilk sapması−60 ms, son dönüşü+80 ms; terminal dönüş de ölçüme dahil.	Toplam QRS süresi kaçtır?	140 ms
C051	pvc	pvcT	O1	VA2022	Sınırlandırılmış sentetik eğitim senaryosu. Geniş erken pozitif QRS’nin ardından T negatif; sonraki sinüs T’si pozitif.	Bu ikincil T değişimi nasıl yorumlanır?	Geniş erken QRS sonrası sekonder diskordan T
C052	pvc	pulse	O4	VA2022,CYCLE	Sınırlandırılmış sentetik eğitim senaryosu. PVC sırasında bilek nabzı daha zayıf hissediliyor; basınç ve hacim ölçümü yok.	EKG ile mekanik nabız hakkında hangi sınır geçerlidir?	Mekanik nabız ayrıca klinik olarak değerlendirilir
C053	pvc	limits	O5	VA2022	Sınırlandırılmış sentetik eğitim senaryosu. Kişi tekleme hissediyor; önceki yapısal kalp hastalığı, sıklık ve semptom ilişkisi sorgulanıyor.	Tek PVC örneği etiyoloji ve risk için ne sağlar?	Örüntü desteklenir; etiyoloji/risk ek veri ister
C054	pvc	pr175	O6	VA2022,ECG	Sınırlandırılmış sentetik eğitim senaryosu. PVC’de P yokken sonraki sinüs atımında P başlangıcı−215 ms ve QRS−40 ms.	Sonraki sinüs atımının PR değeri kaçtır?	175 ms
C055	pvc	prNone	O6	VA2022,ECG	Sınırlandırılmış sentetik eğitim senaryosu. Öğrenci öncül P’siz erken ventriküler kompleks için PR atamak istiyor.	Erken olayda PR ölçümü nasıl ele alınır?	Ayrık ilişkili P olmadığı için PR ölçülemez
C056	pvc	q80	O6	VA2022,ECG	Sınırlandırılmış sentetik eğitim senaryosu. Bir sinüs kompleksinin desteği−40/+40 ms; yanındaki erken kompleks daha geniş.	Temel sinüs QRS süresi hangisidir?	80 ms
C057	pvc	duration	O6	VA2022,ECG	Sınırlandırılmış sentetik eğitim senaryosu. Erken geniş kompleks için sadece yüksek R lobu ölçülmüş, terminal dönüş dışlanmış.	QRS süresinin doğru ölçüm tanımı hangisidir?	QRS ilk sapmadan son dönüşe ölçülür
C058	pvc	qt	O6	VA2022,ECG	Sınırlandırılmış sentetik eğitim senaryosu. Atım sonrası T içinde kaliper var; öğrenci toplam depolarizasyon–repolarizasyon süresini soruyor.	QT hangi sınırlar arasında ölçülür?	QRS başlangıcından T sonuna ölçülür
C059	pvc	fill	O4	VA2022,CYCLE	Sınırlandırılmış sentetik eğitim senaryosu. PVC sonrası daha uzun diyastolde AV kapaklar açık ve hacim geri kazanılıyor.	Bu mekanik kapak düzeni hangi evreyi gösterir?	AV kapaklar açık; ventriküler doluş
C060	pvc	limb	O3	VA2022,ECG	Sınırlandırılmış sentetik eğitim senaryosu. Erken atımın mV bileşenleri I ve II’den bütün ekstremite izlerine dağıtılıyor.	PVC için de korunması gereken bipolar ilişki hangisidir?	II=I+III aynı anda sağlanır
C061	svt	svt	O2	SVT2019	Sınırlandırılmış sentetik eğitim senaryosu. Ani düzenli çarpıntıda 360 ms R–R,80 ms QRS; ayrık P bu şeritte seçilemiyor.	Bu verilerle en uygun kapsamlı örüntü adı hangisidir?	Mekanizması belirlenemeyen düzenli dar kompleks taşikardi
C062	svt	leadAll	O3	SVT2019,ECG	Sınırlandırılmış sentetik eğitim senaryosu. Dar düzenli taşikardide II, V1 ve aVF görünümleri farklı; lead menüsü değiştirilirken kaynak döngü 360 ms kalıyor.	Lead değişiminin anlamı nedir?	Derivasyonlar aynı elektriksel kaynağın farklı izdüşümleridir
C063	svt	rr360	O6	SVT2019,ECG	Sınırlandırılmış sentetik eğitim senaryosu. R–R 360 ms bulunmuş; R sayımıyla ekran hızından bağımsız elektriksel hız hesaplanıyor.	Elektriksel hız yaklaşık kaçtır?	Yaklaşık 167/dk
C064	svt	svtLimits	O5	SVT2019	Sınırlandırılmış sentetik eğitim senaryosu. P QRS veya T içinde örtüşebilir; kayıt sadece üç saniyelik dar taşikardi penceresi.	Kesin taşikardi mekanizması için hangi sınır geçerlidir?	Kesin mekanizma için ek EKG ve klinik veri gerekir
C065	svt	rateVsRR	O6	SVT2019,ECG	Sınırlandırılmış sentetik eğitim senaryosu. Öğrenci 167/dk için 80 ms QRS genişliğini kullanıyor; iki organize R tepesinin arası 360 ms.	Düzenli dizide doğru hız formülü hangisidir?	Hız=60/R–R(saniye) organize düzenli dizide kullanılır
C066	svt	pulse	O4	SVT2019,CYCLE	Sınırlandırılmış sentetik eğitim senaryosu. Çarpıntı sırasında kan basıncı ölçümü bekleniyor; ekranda organize QRS sürüyor.	Klinik nabız ve elektriksel hız nasıl ayrılmalıdır?	Mekanik nabız ayrıca klinik olarak değerlendirilir
C067	svt	urgent	O5	SVT2019	Sınırlandırılmış sentetik eğitim senaryosu. Kişide presenkop ve düzenli hızlı dar kompleks var; perfüzyon verisi eksik.	Hangi klinik değerlendirme ilkesi uygundur?	Semptom/perfüzyonla acil değerlendirme ve uygun algoritma
C068	svt	fastFill	O4	SVT2019,CYCLE	Sınırlandırılmış sentetik eğitim senaryosu. Hızlı döngüde diyastol kısa; animasyon AV girişinin açık kaldığı süreyi azaltıyor.	Yüksek hızın doluşa etkisi nasıl sınırlandırılır?	Kısa döngü diyastolik doluş süresini kısaltabilir
C069	svt	q80	O6	SVT2019,ECG	Sınırlandırılmış sentetik eğitim senaryosu. QRS’nin ilk ve son dönüşü−40/+40 ms, PR için ayrık P bulunamıyor.	QRS süresi kaçtır?	80 ms
C070	svt	prNone	O6	SVT2019,ECG	Sınırlandırılmış sentetik eğitim senaryosu. Kayıt aracı otomatik 175 ms PR gösteriyor fakat P başlangıcı tanımlanamadı.	Bu PR hakkında hangi değerlendirme doğrudur?	Ayrık ilişkili P olmadığı için PR ölçülemez
C071	svt	mechanic	O4	SVT2019,CYCLE	Sınırlandırılmış sentetik eğitim senaryosu. R’den 45 ms sonra çıkış kapakları hâlâ kapalı; hızlı döngü ejeksiyonu 60 ms’de başlatıyor.	Bu 45 ms anı için hangi evre açıklaması tutarlıdır?	Tüm kapaklar kapalı; izovolümetrik kasılma
C072	svt	eject	O4	SVT2019,CYCLE	Sınırlandırılmış sentetik eğitim senaryosu. R’den 100 ms sonra semilüner kapaklar açık, AV kapaklar kapalı; T henüz yükselmektedir.	Gözlenen mekanik durum nedir?	Çıkış kapakları açık; ventriküler ejeksiyon
C073	svt	t	O1	SVT2019	Sınırlandırılmış sentetik eğitim senaryosu. T desteği sona yaklaşırken elektriksel sinyal QRS’den farklı polarite gösteriyor.	T’nin temel elektriksel olayı hangisidir?	T: ventriküler repolarizasyon
C074	svt	speed	O6	SVT2019,ECG	Sınırlandırılmış sentetik eğitim senaryosu. Ekran 2× seçilmiş; aynı 360 ms model aralığı daha hızlı oynuyor.	Oynatma ile ölçüm ve gözlem süresi ilişkisi hangisidir?	Ekran oynatması değişir; modelin zaman ölçütü değişmez
C075	svt	fill	O4	SVT2019,CYCLE	Sınırlandırılmış sentetik eğitim senaryosu. R’den 300 ms sonra AV kapaklar yeniden açılmış ve ventrikül hacmi geri kazanılıyor.	Döngünün bu kapak düzeni nasıl adlandırılır?	AV kapaklar açık; ventriküler doluş
C076	inferior	inferior	O3	ACS2023,ECG	Sınırlandırılmış sentetik eğitim senaryosu. Akut ağrı ve bulantıda II, III, aVF’de ST yükselmesi; I, aVL’de çökme var, QRS dar.	Dağılım ve karşılıklı değişim hangisidir?	İnferior ST yükselmesi ve lateral karşılıklı çökme
C077	inferior	stContiguous	O3	ACS2023,ECG	Sınırlandırılmış sentetik eğitim senaryosu. II, III, aVF komşu grubu ile I, aVL karşılıklı değişimi ayrı ayrı görülüyor; tek lead tanısından kaçınılıyor.	ST bölgesini yorumlamak için hangi yöntem uygundur?	Komşu derivasyonlardaki dağılım birlikte incelenir
C078	inferior	urgent	O5	ACS2023	Sınırlandırılmış sentetik eğitim senaryosu. İnferior komşu değişimler ve sürmekte olan göğüs ağrısı birlikte kaydediliyor.	Hangi klinik değerlendirme ilkesi uygulanır?	Semptom/perfüzyonla acil değerlendirme ve uygun algoritma
C079	inferior	ischemiaLimits	O5	ACS2023	Sınırlandırılmış sentetik eğitim senaryosu. ST dağılımı biliniyor ama sağ/sol baskın koroner anatomi ve anjiyografi bilinmiyor.	Sorumlu damar konusunda hangi sınır gerekir?	Bölgesel ST örüntüsü klinik bağlam ve seri EKG ister
C080	inferior	st20	O6	ACS2023,ECG	Sınırlandırılmış sentetik eğitim senaryosu. II’de J+20 ms voltaj+0,20 mV; TP tabanı sıfır ve QRS bitmiştir.	ST ölçümü kaçtır?	+0,20 mV
C081	inferior	iii28	O6	ACS2023,ECG	Sınırlandırılmış sentetik eğitim senaryosu. I−0,08 mV, II+0,20 mV aynı anda örneklenmiş; III değeri hesaplanacak.	III ST bileşeni kaçtır?	+0,28 mV
C082	inferior	avf24	O6	ACS2023,ECG	Sınırlandırılmış sentetik eğitim senaryosu. I−0,08 ve II+0,20 mV; inferior artırılmış elektrot yönü hesaplanıyor.	aVF ST bileşeni kaçtır?	+0,24 mV
C083	inferior	avl18	O6	ACS2023,ECG	Sınırlandırılmış sentetik eğitim senaryosu. I−0,08 ve II+0,20 mV; lateral karşılıklı değişim aVL üzerinden inceleniyor.	aVL ST bileşeni kaçtır?	−0,18 mV
C084	inferior	ischemiaFlow	O4	ACS2023,CYCLE	Sınırlandırılmış sentetik eğitim senaryosu. Öğrenci III+0,28 mV yüksekliğini global ejeksiyon fraksiyonu kaybına çeviriyor.	Animasyonun dolaşım çıkarım sınırı hangisidir?	Bölgesel azalma şematiktir; global ileri akım sürebilir
C085	inferior	j	O6	ACS2023,ECG	Sınırlandırılmış sentetik eğitim senaryosu. Dar QRS sona erdikten sonra pozitif inferior ST platosu başlıyor; ölçüm aynı terminal sınırı kullanıyor.	Bu terminal geçiş nasıl adlandırılır?	J noktası QRS’nin bittiği ST başlangıç sınırıdır
C086	inferior	pulse	O4	ACS2023,CYCLE	Sınırlandırılmış sentetik eğitim senaryosu. Düzenli 75/dk QRS var; semptomlar sürüyor ve nabız muayenesi bekleniyor.	Elektriksel sinyalden mekanik nabız hakkında ne yapılır?	Mekanik nabız ayrıca klinik olarak değerlendirilir
C087	inferior	st	O6	ACS2023,ECG	Sınırlandırılmış sentetik eğitim senaryosu. Kaliper ST ölçmek için R tepesine konmuş; başka öğrenci J sonrası tabanı seçiyor.	Uygun ST ölçüm tanımı hangisidir?	J sonrası ST voltajı uygun tabana göre ölçülür
C088	inferior	pr175	O6	ACS2023,ECG	Sınırlandırılmış sentetik eğitim senaryosu. P başlangıcı−215 ms, QRS başlangıcı−40 ms; inferior ST yükselmesi PR’den sonra.	PR aralığı kaçtır?	175 ms
C089	inferior	q80	O6	ACS2023,ECG	Sınırlandırılmış sentetik eğitim senaryosu. QRS ilk sapma−40 ms, son dönüş+40 ms; ST düzeyi pozitiftir.	QRS süresi kaçtır?	80 ms
C090	inferior	avl	O3	ACS2023,ECG	Sınırlandırılmış sentetik eğitim senaryosu. Karşılıklı I ve aVL değişimi aynı elektrot potansiyellerinden türetilmekte.	aVL için doğru dönüşüm hangisidir?	aVL=I−II/2
C091	vt	vt	O2	VA2022,ALS2025	Sınırlandırılmış sentetik eğitim senaryosu. Baş dönmesinde 380 ms düzenli R–R ve 180 ms tek biçimli QRS; dar sinüs P ilişkisi gösterilemiyor.	Hangi örüntü acil VT değerlendirmesini gerektirir?	VT olarak öncelikle değerlendirilmesi gereken geniş taşikardi
C092	vt	qrsWidthCause	O5	VA2022,ALS2025	Sınırlandırılmış sentetik eğitim senaryosu. Geniş düzenli taşikardi 180 ms; önceki dal bloğu ve ayrıntılı atriyal kanıt bilinmiyor.	Genişliği etiolojik kanıt olarak kullanırken hangi sınır gerekir?	Genişlik morfoloji ve klinik kanıtla birlikte yorumlanır
C093	vt	rr380	O6	VA2022,ALS2025,ECG	Sınırlandırılmış sentetik eğitim senaryosu. Geniş düzenli kompleksin döngüsü 380 ms; öğrenci hız için QRS süresini kullanmış.	Doğru ventriküler elektriksel hız yaklaşık kaçtır?	Yaklaşık 158/dk
C094	vt	q180	O6	VA2022,ALS2025,ECG	Sınırlandırılmış sentetik eğitim senaryosu. Dalga ilk sapması−70 ms ve son dönüş+110 ms; kompleksin terminal kısmı ölçüme dahil.	Çizilen QRS süresi kaçtır?	180 ms
C095	vt	vtContext	O5	VA2022,ALS2025	Sınırlandırılmış sentetik eğitim senaryosu. Kayıt VT örneği olarak verilmiş ama hastanın nabzı ve kan basıncı bilinmiyor.	Acil yaklaşımı ayıran ek veri hangisidir?	Nabız ve hemodinamik durum ayrıca belirlenir
C096	vt	limits	O5	VA2022,ALS2025	Sınırlandırılmış sentetik eğitim senaryosu. Geniş taşikardi kaydı var; toplam süresi, nedeni ve yapısal kalp verileri kısa pencerede bulunmuyor.	Etiyoloji ve risk hakkında hangi genel sınır uygundur?	Örüntü desteklenir; etiyoloji/risk ek veri ister
C097	vt	urgent	O5	VA2022,ALS2025	Sınırlandırılmış sentetik eğitim senaryosu. Geniş taşikardiye hipotansiyon ve bilinç değişikliği eşlik ediyor; tedavi kararı klinik ekibe ait.	Hangi değerlendirme ilkesi uygundur?	Semptom/perfüzyonla acil değerlendirme ve uygun algoritma
C098	vt	fastFill	O4	VA2022,ALS2025,CYCLE	Sınırlandırılmış sentetik eğitim senaryosu. Şematik döngü 380 ms; doluş ve kasılma eşzamanlılığı azaltılmış çiziliyor.	Hızın doluşa etkisi için hangi sınırlı ifade uygundur?	Kısa döngü diyastolik doluş süresini kısaltabilir
C099	vt	t	O1	VA2022,ALS2025	Sınırlandırılmış sentetik eğitim senaryosu. Pozitif geniş QRS’den sonra negatif T görülüyor; bu T yeni erken QRS sanılıyor.	T’nin elektriksel tanımı hangisidir?	T: ventriküler repolarizasyon
C100	vt	duration	O6	VA2022,ALS2025,ECG	Sınırlandırılmış sentetik eğitim senaryosu. Öğrenci geniş QRS içinde R lobunu saymış, terminal kısmı hariç bırakmış.	QRS süresi hangi sınırlarla ölçülür?	QRS ilk sapmadan son dönüşe ölçülür
C101	vt	prNone	O6	VA2022,ALS2025,ECG	Sınırlandırılmış sentetik eğitim senaryosu. PR kutusu boş; şeritte P ile QRS arasında tanımlanmış sabit ilişki yok.	Bu örnekte PR neden sayısal atanamaz?	Ayrık ilişkili P olmadığı için PR ölçülemez
C102	vt	mechanic	O4	VA2022,ALS2025,CYCLE	Sınırlandırılmış sentetik eğitim senaryosu. R’den 70 ms sonra ventrikül kasılırken semilüner kapaklar kapalı; ejeksiyon 100 ms’de başlayacak.	Bu an için hangi mekanik açıklama tutarlıdır?	Tüm kapaklar kapalı; izovolümetrik kasılma
C103	vt	eject	O4	VA2022,ALS2025,CYCLE	Sınırlandırılmış sentetik eğitim senaryosu. R’den 140 ms sonra çıkış kapakları açık; ileri akım örnekte düşük fakat sıfır değil.	Kapak durumu hangi evredir?	Çıkış kapakları açık; ventriküler ejeksiyon
C104	vt	pulse	O4	VA2022,ALS2025,CYCLE	Sınırlandırılmış sentetik eğitim senaryosu. Monitör hızı 158/dk yazıyor; bilek nabzı ayrıca değerlendirilecek.	EKG elektriksel hızının klinik nabza ilişkisi hangisidir?	Mekanik nabız ayrıca klinik olarak değerlendirilir
C105	vt	avf	O3	VA2022,ALS2025,ECG	Sınırlandırılmış sentetik eğitim senaryosu. Aynı ventriküler kompleksin I ve II bileşenleri diğer ekstremite voltajlarını türetiyor.	Artırılmış inferior ilişki hangisidir?	aVF=II−I/2
C106	vf	vf	O2	VA2022,ALS2025	Sınırlandırılmış sentetik eğitim senaryosu. Yanıtsız kişide kaotik değişken dalga, ayrık QRS yok; klinik ekip dolaşım bulgusu saptamıyor.	Elektriksel görünüm hangi örüntüyle uyumludur?	Ventriküler fibrilasyonla uyumlu elektriksel örüntü
C107	vf	leadAll	O3	VA2022,ALS2025,ECG	Sınırlandırılmış sentetik eğitim senaryosu. VF benzeri kaotik dalga II ve V1’de farklı yansıyor; lead seçimi elektriksel görünümü değiştiriyor.	Derivasyon değişiminin kaynağa etkisi nasıl yorumlanır?	Derivasyonlar aynı elektriksel kaynağın farklı izdüşümleridir
C108	vf	vfRate	O6	VA2022,ALS2025,ECG	Sınırlandırılmış sentetik eğitim senaryosu. Kaotik dalgada öğrenci saniyedeki tepeleri ventrikül hızı olarak sayıyor.	VF’de hız ölçümü için hangi ifade doğrudur?	Organize QRS hızı hesaplanamaz
C109	vf	timeScale	O6	VA2022,ALS2025,ECG	Sınırlandırılmış sentetik eğitim senaryosu. Kaotik etkinlikte yatay eksen saniye, dikey eksen mV; ekran büyütülmüş fakat dalga kaynağı aynı.	Eksen ve fiziksel ekran ölçeği için hangi ifade doğrudur?	Yatay süre ve dikey voltaj ayrı birimlerdir
C110	vf	vfFlow	O4	VA2022,ALS2025,CYCLE	Sınırlandırılmış sentetik eğitim senaryosu. Kırmızı aort parçacıkları, mavi pulmoner parçacıklar ve koroner parçacıklar aynı yerde kalıyor.	Bu mekanik gösterimin doğru açıklaması hangisidir?	Etkili ileri akım ve organize ejeksiyon yok
C111	vf	qtNone	O6	VA2022,ALS2025,ECG	Sınırlandırılmış sentetik eğitim senaryosu. Ölçüm aracı QT istiyor; dalgada organize QRS başlangıcı veya ona ait T sonu seçilemiyor.	QT nasıl raporlanır?	QT tanımlanamaz; organize QRS ve T sınırı yok
C112	vf	noQrs	O1	VA2022,ALS2025	Sınırlandırılmış sentetik eğitim senaryosu. VF’de ölçüm kutusu QRS genişliği istiyor; kaotik tepelerin farklı genişlikleri var.	Kompleks sınırları hakkında hangi ifade uygundur?	Organize QRS sınırları seçilemez
C113	vf	urgent	O5	VA2022,ALS2025	Sınırlandırılmış sentetik eğitim senaryosu. Yanıtsızlık ve dolaşım bulgusu yokluğu kaotik EKG ile birlikte; eğitim izleme sayacı tamamlanmamış.	Klinik bağlamda hangi ilke önceliklidir?	Semptom/perfüzyonla acil değerlendirme ve uygun algoritma
C114	vf	vfArtifact	O5	VA2022,ALS2025	Sınırlandırılmış sentetik eğitim senaryosu. Monitor VF benzeri görünürken kişi uyanık, konuşuyor ve perfüze; bu çelişkili sentetik senaryoda gerçek ritim doğrulanacak.	Öncelikli değerlendirme hangisidir?	Klinik durumu ve elektrot/sinyal güvenilirliğini doğrula
C115	vf	prNone	O6	VA2022,ALS2025,ECG	Sınırlandırılmış sentetik eğitim senaryosu. Ölçüm aracı P başlangıcı istiyor; kaotik etkinlikte ayrık ilişkili P bulunamıyor.	PR hakkında hangi sonuç doğrudur?	Ayrık ilişkili P olmadığı için PR ölçülemez
C116	vf	limb	O3	VA2022,ALS2025,ECG	Sınırlandırılmış sentetik eğitim senaryosu. Farklı ekstremite voltajlarında kaotik dalga var; öğrenci bunları bağımsız rastgele üretmek istiyor.	VF’de de korunacak bipolar ilişki hangisidir?	II=I+III aynı anda sağlanır
C117	vf	avr	O3	VA2022,ALS2025,ECG	Sınırlandırılmış sentetik eğitim senaryosu. Kaotik sinyalde I ve II anlık voltajı bilinmekte; aVR türetilecek.	Doğru dönüşüm hangisidir?	aVR=−(I+II)/2
C118	vf	avl	O3	VA2022,ALS2025,ECG	Sınırlandırılmış sentetik eğitim senaryosu. Kaotik anlık I ve II voltajı farklı; artırılmış sol kol sinyalinin de tutarlı türetilmesi isteniyor.	aVL için dönüşüm hangisidir?	aVL=I−II/2
C119	vf	avf	O3	VA2022,ALS2025,ECG	Sınırlandırılmış sentetik eğitim senaryosu. Kaotik I ve II bileşenleri aynı elektrot anından alınmış; inferior artırılmış sinyal hesaplanıyor.	aVF için dönüşüm hangisidir?	aVF=II−I/2
C120	vf	limits	O5	VA2022,ALS2025	Sınırlandırılmış sentetik eğitim senaryosu. Kısa kaotik eğitim çizimi var; gerçek hasta nedeni, süre ve müdahale yanıtı çizimden bilinmiyor.	Etiyoloji ve sonuç hakkında hangi çıkarım sınırı gerekir?	Örüntü desteklenir; etiyoloji/risk ek veri ister
C121	pat	at	O2	SVT2019	Sınırlandırılmış sentetik eğitim senaryosu. Düzenli 150/dk dar taşikardide II’de ters ayrık P ve P’ler arasında izoelektrik hat var.	En uygun alt örüntü hangisidir?	Fokal atriyal taşikardiyle uyumlu örüntü
C122	pat	atAxis	O1	SVT2019	Sınırlandırılmış sentetik eğitim senaryosu. Hızlı kayıtta inferior P ters ama ayrık; sinüs dışı morfoloji var, kesin anatomik odak bilinmiyor.	P ekseni için hangi yorum uygundur?	Bu örnekte inferior ters ayrık P ektopik ekseni destekler
C123	pat	leadAll	O3	SVT2019,ECG	Sınırlandırılmış sentetik eğitim senaryosu. Ektopik P’ler arasındaki taban izoelektrik; V1’e geçince P izdüşümü değişiyor ama kaynak sabit.	Lead seçimiyle ne değişir?	Derivasyonlar aynı elektriksel kaynağın farklı izdüşümleridir
C124	pat	atLimits	O5	SVT2019	Sınırlandırılmış sentetik eğitim senaryosu. Atak dışında veri yok; sürekli üç saniyelik şeritte ektopik P görülüyor, başlangıç kaydedilmemiş.	Paroksismal davranış için hangi sınırlama gerekir?	Fokal AT desteklenir; paroksismal başlangıç kanıtlanmaz
C125	pat	rateVsRR	O6	SVT2019,ECG	Sınırlandırılmış sentetik eğitim senaryosu. Ektopik P ve QRS döngüsü 400 ms; ilk ve son atak sınırları kaydedilmemiş, hız formülü soruluyor.	Düzenli elektriksel hız hangi formülle hesaplanır?	Hız=60/R–R(saniye) organize düzenli dizide kullanılır
C126	pat	rr400	O6	SVT2019,ECG	Sınırlandırılmış sentetik eğitim senaryosu. R–R 400 ms; ayrık ektopik P başına bir dar QRS var.	Ventriküler elektriksel hız kaçtır?	150/dk
C127	pat	pr140	O6	SVT2019,ECG	Sınırlandırılmış sentetik eğitim senaryosu. P başlangıcı−180 ms ve QRS başlangıcı−40 ms kaliperle işaretlenmiş.	Bu modelde PR kaçtır?	140 ms
C128	pat	pr	O6	SVT2019,ECG	Sınırlandırılmış sentetik eğitim senaryosu. Öğrenci ektopik P tepesini kullanmış; ilk atriyal sapma daha önce başlıyor.	PR için hangi sınırlar doğru tanımdır?	P başlangıcından QRS başlangıcına ölçülür
C129	pat	q80	O6	SVT2019,ECG	Sınırlandırılmış sentetik eğitim senaryosu. Dar QRS−40/+40 ms destekli; inferior P polaritesi sinüsten farklı.	QRS süresi kaçtır?	80 ms
C130	pat	fastFill	O4	SVT2019,CYCLE	Sınırlandırılmış sentetik eğitim senaryosu. Hızlı döngüde P görünür ama diyastol yine kısa; hasta basıncı ölçülmemiş.	Hızın doluş etkisi nasıl sınırlandırılır?	Kısa döngü diyastolik doluş süresini kısaltabilir
C131	pat	p	O1	SVT2019	Sınırlandırılmış sentetik eğitim senaryosu. Her ektopik P atriyal animasyondan önce gelir; P sinüs düğümü kökenli değil.	P’nin değişmeyen elektriksel tanımı hangisidir?	P: atriyal depolarizasyon
C132	pat	limits	O5	SVT2019	Sınırlandırılmış sentetik eğitim senaryosu. Kişide çarpıntı var; ritim fokal AT’yle uyumlu ama semptom şiddeti ve neden bilinmiyor.	Nedensellik ve risk için hangi genel sınır gerekir?	Örüntü desteklenir; etiyoloji/risk ek veri ister
C133	pat	pulse	O4	SVT2019,CYCLE	Sınırlandırılmış sentetik eğitim senaryosu. EKG 150/dk; palpasyonda tüm atımların iletilip iletilmediği henüz değerlendirilmedi.	Mekanik nabız için ne gerekir?	Mekanik nabız ayrıca klinik olarak değerlendirilir
C134	pat	mechanic	O4	SVT2019,CYCLE	Sınırlandırılmış sentetik eğitim senaryosu. R’den 45 ms sonra çıkışlar kapalı, AV kapaklar kapalı;60 ms sonrası ejeksiyon planlı.	Bu 45 ms mekanik anı hangisidir?	Tüm kapaklar kapalı; izovolümetrik kasılma
C135	pat	avl	O3	SVT2019,ECG	Sınırlandırılmış sentetik eğitim senaryosu. Ektopik atriyal P ve ventriküler QRS voltajları aynı ekstremite elektrot dönüşümünü kullanıyor.	aVL hangi ilişkiyle türetilir?	aVL=I−II/2
C136	flutter	flutter	O2	SVT2019	Sınırlandırılmış sentetik eğitim senaryosu. Düzenli 150/dk dar kompleksler arasında 300/dk testere dişi F etkinliği var.	Hangi atriyal ve ventriküler örüntü desteklenir?	Sabit 2:1 atriyal flutter örüntüsü
C137	flutter	fNotP	O1	SVT2019	Sınırlandırılmış sentetik eğitim senaryosu. İnferior testere dişi etkinlik QRS dışında da sürekli sürüyor; öğrenci bu dalgaları sinüs P sayıyor.	F ile ayrık P arasındaki doğru ayrım hangisidir?	Sürekli F etkinliği ayrık sinüs P dizisi değildir
C138	flutter	flutterRatio	O1	SVT2019	Sınırlandırılmış sentetik eğitim senaryosu. F döngüsü 200 ms, R–R 400 ms; öğrenci iki elektriksel hızı tek değer sayıyor.	Doğru hız ve iletim ilişkisi hangisidir?	Atriyal 300/dk ve ventriküler 150/dk:2:1
C139	flutter	leadAll	O3	SVT2019,ECG	Sınırlandırılmış sentetik eğitim senaryosu. Sürekli F tabanında aynı QRS II’den V1’e geçince farklı polaritede; atriyal devre hızı sabit.	Lead değişimi nasıl yorumlanır?	Derivasyonlar aynı elektriksel kaynağın farklı izdüşümleridir
C140	flutter	flutterPolarity	O3	SVT2019,ECG	Sınırlandırılmış sentetik eğitim senaryosu. II’de F aşağı yönlü, V1’de yukarı yönlü; klinik örnek tipik karşı-saat yönlü flutter olarak sınırlandırılmış.	Beklenen derivasyon polaritesi hangisidir?	İnferior negatif F, V1 pozitif F
C141	flutter	rateVsRR	O6	SVT2019,ECG	Sınırlandırılmış sentetik eğitim senaryosu. R–R 400 ms ve QRS 80 ms; öğrenci hız formülünde QRS genişliğini döngü yerine kullanıyor.	Düzenli ventriküler hız için doğru formül hangisidir?	Hız=60/R–R(saniye) organize düzenli dizide kullanılır
C142	flutter	rr400	O6	SVT2019,ECG	Sınırlandırılmış sentetik eğitim senaryosu. QRS aralıkları 400 ms; atriyal hızın 300/dk olduğu ayrıca yazıyor.	Ventriküler elektriksel hız hangisidir?	150/dk
C143	flutter	prNone	O6	SVT2019,ECG	Sınırlandırılmış sentetik eğitim senaryosu. Sürekli F tabanı nedeniyle ayrı P başlangıcı tanımlanamıyor; otomatik PR kutusu boş.	PR için hangi ifade doğrudur?	Ayrık ilişkili P olmadığı için PR ölçülemez
C144	flutter	q80	O6	SVT2019,ECG	Sınırlandırılmış sentetik eğitim senaryosu. F etkinliği sürerken QRS−40/+40 ms boyunca seçilebiliyor.	Ventriküler QRS süresi kaçtır?	80 ms
C145	flutter	pulse	O4	SVT2019,CYCLE	Sınırlandırılmış sentetik eğitim senaryosu. Hasta nabzı düzenli hissediliyor;300/dk atriyal ve 150/dk QRS sayımları klinik nabızla karşılaştırılıyor.	EKG’den mekanik nabız hakkında hangi sınır korunur?	Mekanik nabız ayrıca klinik olarak değerlendirilir
C146	flutter	fastFill	O4	SVT2019,CYCLE	Sınırlandırılmış sentetik eğitim senaryosu. Hızlı ventriküler yanıt nedeniyle doluş penceresi kısaltılmış; akım klinik olarak ölçülmemiş.	Doluş hakkında hangi ifade uygundur?	Kısa döngü diyastolik doluş süresini kısaltabilir
C147	flutter	eject	O4	SVT2019,CYCLE	Sınırlandırılmış sentetik eğitim senaryosu. R’den 100 ms sonra F dalgaları sürüyor; semilüner kapaklar açık ve AV kapaklar kapalı.	Elektriksel F sürerken mekanik evre hangisidir?	Çıkış kapakları açık; ventriküler ejeksiyon
C148	flutter	limits	O5	SVT2019	Sınırlandırılmış sentetik eğitim senaryosu. Kısa 2:1 şerit var; öğrenci bütün flutter olgularında aynı ventriküler hızı varsayıyor.	Genelleme için hangi çıkarım sınırı gerekir?	Örüntü desteklenir; etiyoloji/risk ek veri ister
C149	flutter	avf	O3	SVT2019,ECG	Sınırlandırılmış sentetik eğitim senaryosu. Sürekli atriyal F’nin I ve II bileşenlerinden tüm ekstremite voltajları hesaplanıyor.	aVF için doğru dönüşüm hangisidir?	aVF=II−I/2
C150	flutter	t	O1	SVT2019	Sınırlandırılmış sentetik eğitim senaryosu. T dalgası F tabanıyla üst üste geliyor; öğrenci görünür her taban dalgasını mekanik basınç sanıyor.	T’nin temel elektriksel karşılığı nedir?	T: ventriküler repolarizasyon
C151	sintach	tach	O2	SVT2019,ECG	Sınırlandırılmış sentetik eğitim senaryosu. Ateşle düzenli 120/dk, her dar QRS öncesinde uygun pozitif P ve sabit PR var.	En uygun ritim örüntüsü hangisidir?	Sinüs taşikardisi örüntüsü
C152	sintach	sinusAxis	O1	SVT2019,ECG	Sınırlandırılmış sentetik eğitim senaryosu. Ağrıda sinüs P II’de pozitif, aVR’de negatif; hız 120/dk ve QRS dar, yalnız atriyal eksen yorumlanıyor.	Sinüs P’si için hangi yön dağılımı destekleyicidir?	II’de pozitif ve aVR’de negatif ayrık P destekleyicidir
C153	sintach	tachCause	O5	SVT2019,ECG	Sınırlandırılmış sentetik eğitim senaryosu. Hacim kaybı kuşkusu var; EKG’de sinüs P ve hızlı düzenli dar QRS seçiliyor.	Ritim tanımından sonra hangi klinik neden yaklaşımı uygundur?	Sinüs hız artışının klinik nedeni araştırılır
C154	sintach	limits	O5	SVT2019,ECG	Sınırlandırılmış sentetik eğitim senaryosu. Ateş sonrası kısa hızlı sinüs şeridi var; toplam süreç, ilaç etkisi ve yapısal kalp verileri eksik.	Etiyoloji ve risk çıkarımı nasıl sınırlandırılır?	Örüntü desteklenir; etiyoloji/risk ek veri ister
C155	sintach	rr500	O6	SVT2019,ECG	Sınırlandırılmış sentetik eğitim senaryosu. R–R 500 ms ve uygun sinüs P görülüyor; ekran oynatması 1×.	Ventriküler elektriksel hız kaçtır?	120/dk
C156	sintach	pulse	O4	SVT2019,ECG,CYCLE	Sınırlandırılmış sentetik eğitim senaryosu. Öğrenci 120/dk sayımını tüm atımların güçlü arter nabzı kanıtı sanıyor; palpasyon yapılmadı.	Mekanik nabız için hangi değerlendirme gerekir?	Mekanik nabız ayrıca klinik olarak değerlendirilir
C157	sintach	fastFill	O4	SVT2019,ECG,CYCLE	Sınırlandırılmış sentetik eğitim senaryosu. Döngü 500 ms; önceki 75/dk örneğe göre AV açık doluş penceresi daha kısa.	Yüksek hızın doluşla ilişkisi nasıl açıklanır?	Kısa döngü diyastolik doluş süresini kısaltabilir
C158	sintach	pr175	O6	SVT2019,ECG	Sınırlandırılmış sentetik eğitim senaryosu. Sinüs P ilk sapması−215 ms, QRS ilk sapması−40 ms; hızlı döngüde ilişki sabit.	PR süresi kaçtır?	175 ms
C159	sintach	q80	O6	SVT2019,ECG	Sınırlandırılmış sentetik eğitim senaryosu. Dar kompleks−40 ms’de başlayıp+40 ms’de bitiyor; T sonraki hızlı P’ye yaklaşıyor.	QRS süresi kaçtır?	80 ms
C160	sintach	pr	O6	SVT2019,ECG	Sınırlandırılmış sentetik eğitim senaryosu. P görünür fakat sadece P tepe–R tepe aralığı ölçülmüş.	Hangi sınırlar PR aralığını verir?	P başlangıcından QRS başlangıcına ölçülür
C161	sintach	p	O1	SVT2019,ECG	Sınırlandırılmış sentetik eğitim senaryosu. Öğrenci P dalgasını hızlı arter akımının grafiği sanıyor; atriyal animasyon kısa gecikmeli.	P hangi elektriksel olayı kaydeder?	P: atriyal depolarizasyon
C162	sintach	mechanic	O4	SVT2019,ECG,CYCLE	Sınırlandırılmış sentetik eğitim senaryosu. R’den 45 ms sonra kasılma başlamış; semilüner çıkışlar 60 ms’ye kadar kapalı.	Bu an hangi mekanik evredir?	Tüm kapaklar kapalı; izovolümetrik kasılma
C163	sintach	eject	O4	SVT2019,ECG,CYCLE	Sınırlandırılmış sentetik eğitim senaryosu. R’den 110 ms sonra çıkış kapakları açık; hızlı döngüde ileri akım şematiktir.	Hangi kapak açıklaması tutarlıdır?	Çıkış kapakları açık; ventriküler ejeksiyon
C164	sintach	fill	O4	SVT2019,ECG,CYCLE	Sınırlandırılmış sentetik eğitim senaryosu. R’den 300 ms sonra AV kapaklar açık ve ventrikül doluşu geri geliyor.	Bu evrenin doğru kapak ve hacim tanımı nedir?	AV kapaklar açık; ventriküler doluş
C165	sintach	speed	O6	SVT2019,ECG	Sınırlandırılmış sentetik eğitim senaryosu. Hızlı sinüs örneği 2× oynatılıyor; gözlem tamamlama sayacı gerçek zamanla ilerliyor.	Oynatma çarpanı hangi ölçümleri değiştirir?	Ekran oynatması değişir; modelin zaman ölçütü değişmez
C166	lbbb	lbbb	O2	BBB2009	Sınırlandırılmış sentetik eğitim senaryosu. Düzenli 75/dk sinüs dizisinde 160 ms QRS, V1’de negatif QS ve V6’da geniş çentikli R var.	En uygun ileti örüntüsü hangisidir?	Sol dal bloğuyla uyumlu ileti örüntüsü
C167	lbbb	qrsWidthCause	O5	BBB2009	Sınırlandırılmış sentetik eğitim senaryosu. Geniş QRS 160 ms; sadece genişlik kaydedilmiş, sağ/lateral morfoloji diğer izlerde ayrıca inceleniyor.	Tek genişliği mekanizma sayarken hangi sınır gerekir?	Genişlik morfoloji ve klinik kanıtla birlikte yorumlanır
C168	lbbb	lMorph	O3	BBB2009,ECG	Sınırlandırılmış sentetik eğitim senaryosu. Öğrenci yalnız genişliği görüyor; sağ ve lateral terminal QRS yönleri birlikte gösteriliyor.	LBBB’de beklenen birlikte morfoloji hangisidir?	V1 negatif, lateral geniş çentikli R
C169	lbbb	prL175	O6	BBB2009,ECG	Sınırlandırılmış sentetik eğitim senaryosu. P ilk sapması−245 ms, QRS ilk sapması−70 ms; öğrenci R tepesini bitiş sanıyor.	Bu sinüs atımının PR değeri kaçtır?	175 ms
C170	lbbb	q160	O6	BBB2009,ECG	Sınırlandırılmış sentetik eğitim senaryosu. QRS ilk sapması−70 ms, son dönüş+90 ms; geniş çentikli R desteği ölçülüyor.	Toplam QRS süresi kaçtır?	160 ms
C171	lbbb	pr	O6	BBB2009,ECG	Sınırlandırılmış sentetik eğitim senaryosu. P ilk sapma−245 ms, QRS ilk sapma−70 ms; dal gecikmesi QRS’nin devamında.	PR sınırları hangi standart tanımla alınır?	P başlangıcından QRS başlangıcına ölçülür
C172	lbbb	qrs	O1	BBB2009	Sınırlandırılmış sentetik eğitim senaryosu. Geniş QRS içindeki çentik ikinci bağımsız atım sanılıyor; tek P–QRS döngüsü var.	QRS’nin temel elektriksel olayı hangisidir?	QRS: ventriküler depolarizasyon
C173	lbbb	bbbDelay	O4	BBB2009,CYCLE	Sınırlandırılmış sentetik eğitim senaryosu. Sol ventrikül görsel hareketi 60 ms gecikmeli; klinik ultrason veya basınç kaydı yok.	Bu gecikme nasıl sınırlandırılmalıdır?	Gecikmiş aktivasyon şematik eşzamanlılığı azaltabilir
C174	lbbb	bbbLimits	O5	BBB2009	Sınırlandırılmış sentetik eğitim senaryosu. Önceki EKG aynı geniş iletiyi gösteriyor; şimdi yeni göğüs ağrısı ayrıca sorgulanıyor.	Dal bloğunun klinik yorumu için hangi ilke uygundur?	Önceki EKG ve klinik bağlamla yorumlanır
C175	lbbb	qt430	O6	BBB2009,ECG	Sınırlandırılmış sentetik eğitim senaryosu. LBBB’de QRS başlangıcı−70 ms, T sonu+360 ms; toplam elektriksel destek soruluyor.	Sentetik QT kaçtır?	430 ms
C176	lbbb	t	O1	BBB2009	Sınırlandırılmış sentetik eğitim senaryosu. Lateral pozitif geniş R sonrası T negatif; öğrenci bu yönü doğrudan akım kaybı sanıyor.	T’nin temel elektriksel tanımı nedir?	T: ventriküler repolarizasyon
C177	lbbb	pulse	O4	BBB2009,CYCLE	Sınırlandırılmış sentetik eğitim senaryosu. Sinüs elektriksel hızı 75/dk; geniş komplekslerin mekanik nabzı muayeneyle değerlendirilecek.	Elektriksel hız ile nabız arasında hangi sınır geçerlidir?	Mekanik nabız ayrıca klinik olarak değerlendirilir
C178	lbbb	duration	O6	BBB2009,ECG	Sınırlandırılmış sentetik eğitim senaryosu. QRS terminal bölümü kaliperde dışlanmış; görünen R tepesi 160 ms toplam desteğin parçası.	QRS süresi hangi sınırlarla ölçülmelidir?	QRS ilk sapmadan son dönüşe ölçülür
C179	lbbb	urgent	O5	BBB2009	Sınırlandırılmış sentetik eğitim senaryosu. Kişide presenkop var; sadece eski BBB etiketi bilinmekte, klinik bulgular değerlendirilmekte.	Hangi genel klinik değerlendirme ilkesi uygundur?	Semptom/perfüzyonla acil değerlendirme ve uygun algoritma
C180	lbbb	avl	O3	BBB2009,ECG	Sınırlandırılmış sentetik eğitim senaryosu. Sol/lateral geniş R’nin I ve II bileşenleri diğer ekstremite sinyallerini de belirliyor.	LBBB’de aVL dönüşümü hangisidir?	aVL=I−II/2
C181	rbbb	rbbb	O2	BBB2009	Sınırlandırılmış sentetik eğitim senaryosu. Düzenli sinüs dizisinde 140 ms QRS; V1’de terminal R′, V6’da geniş terminal S var.	En uygun ileti örüntüsü hangisidir?	Sağ dal bloğuyla uyumlu ileti örüntüsü
C182	rbbb	qrsWidthCause	O5	BBB2009	Sınırlandırılmış sentetik eğitim senaryosu. Her sinüs atımının QRS’si 140 ms; sadece süre biliniyor, terminal sağ/lateral kanıt ayrıca aranıyor.	Tek genişlikle RBBB etiyolojisi kesinleştirilirken hangi sınır gerekir?	Genişlik morfoloji ve klinik kanıtla birlikte yorumlanır
C183	rbbb	rMorph	O3	BBB2009,ECG	Sınırlandırılmış sentetik eğitim senaryosu. V1 ile V6 eşzamanlı inceleniyor; sağda geç pozitif, lateralde geç negatif bileşen var.	RBBB’nin birlikte morfoloji dağılımı hangisidir?	V1 terminal R′, lateral geniş terminal S
C184	rbbb	prR175	O6	BBB2009,ECG	Sınırlandırılmış sentetik eğitim senaryosu. P başlangıcı−235 ms, QRS başlangıcı−60 ms; terminal R′ PR’den sonra uzuyor.	PR aralığı kaçtır?	175 ms
C185	rbbb	q140	O6	BBB2009,ECG	Sınırlandırılmış sentetik eğitim senaryosu. QRS ilk sapma−60 ms, son dönüş+80 ms; terminal R′/S destekleri de ölçülüyor.	Çizilen QRS süresi kaçtır?	140 ms
C186	rbbb	pr	O6	BBB2009,ECG	Sınırlandırılmış sentetik eğitim senaryosu. P başlangıcı−235 ms, QRS başlangıcı−60 ms; sağ terminal ileti daha sonra uzuyor.	PR’nin başlangıç ve bitiş tanımı hangisidir?	P başlangıcından QRS başlangıcına ölçülür
C187	rbbb	bbbDelay	O4	BBB2009,CYCLE	Sınırlandırılmış sentetik eğitim senaryosu. Sağ ventrikül hareketi 60 ms ayrıştırılıyor; gerçek mekanik ölçüm verisi yok.	Dal gecikmesi animasyonu nasıl yorumlanır?	Gecikmiş aktivasyon şematik eşzamanlılığı azaltabilir
C188	rbbb	bbbLimits	O5	BBB2009	Sınırlandırılmış sentetik eğitim senaryosu. Önceki kayıtla aynı RBBB var; kişinin yeni dispnesi ayrıca değerlendirilmekte.	Dal bloğu klinik önem açısından nasıl ele alınır?	Önceki EKG ve klinik bağlamla yorumlanır
C189	rbbb	qt410	O6	BBB2009,ECG	Sınırlandırılmış sentetik eğitim senaryosu. RBBB kompleksinde QRS başlangıcı−60 ms, T sonu+350 ms; klinik QTc hesabı yapılmıyor.	Sentetik QT değeri kaçtır?	410 ms
C190	rbbb	t	O1	BBB2009	Sınırlandırılmış sentetik eğitim senaryosu. V1’de pozitif terminal R′ ardından negatif T; lateral terminal S ayrı görülüyor.	T dalgası hangi temel olayı kaydeder?	T: ventriküler repolarizasyon
C191	rbbb	pulse	O4	BBB2009,CYCLE	Sınırlandırılmış sentetik eğitim senaryosu. Elektriksel 75/dk sinüs aktivasyonu var; öğrenci 140 ms genişliği düşük basınç kanıtı sayıyor.	Mekanik nabız ve basınç hakkında ne gerekir?	Mekanik nabız ayrıca klinik olarak değerlendirilir
C192	rbbb	duration	O6	BBB2009,ECG	Sınırlandırılmış sentetik eğitim senaryosu. Ölçümde yalnız ilk r lobu sayılmış; terminal R′ ve S desteği dışarıda bırakılmış.	QRS süre ölçümü için hangi tanım doğrudur?	QRS ilk sapmadan son dönüşe ölçülür
C193	rbbb	qrs	O1	BBB2009	Sınırlandırılmış sentetik eğitim senaryosu. Geniş QRS hâlâ düzenli P sonrası geliyor; T daha sonra ve ayrı zaman bölgesinde.	QRS hangi elektriksel etkinliği gösterir?	QRS: ventriküler depolarizasyon
C194	rbbb	urgent	O5	BBB2009	Sınırlandırılmış sentetik eğitim senaryosu. Kaçış hissi ve baş dönmesi sürüyor; klinik ekip nabız, basınç ve ek kaydı değerlendiriyor.	Semptomlu kişide hangi değerlendirme ilkesi geçerlidir?	Semptom/perfüzyonla acil değerlendirme ve uygun algoritma
C195	rbbb	avr	O3	BBB2009,ECG	Sınırlandırılmış sentetik eğitim senaryosu. Terminal sağ/lateral bileşenler I ve II’den bütün ekstremite derivasyonlarına tutarlı dağıtılıyor.	aVR için doğru dönüşüm hangisidir?	aVR=−(I+II)/2
C196	normal	grid200	O6	ECG,CYCLE	Sınırlandırılmış sentetik eğitim senaryosu. Normal sinüs şeridinde kaliper iki noktayı 5 küçük yatay kare ayırıyor; çizim 25 mm/sn orantısında.	Bu zaman aralığı kaçtır?	200 ms
C197	pvc	pvcAverage	O6	VA2022,ECG	Sınırlandırılmış sentetik eğitim senaryosu. PVC dizisinin beş ardışık döngüsü 800,800,480,1120,800 ms; kısa ve uzun aralar birlikte veriliyor.	Bu beş döngüde ortalama elektriksel hız kaçtır?	75/dk
C198	stemi	anteriorAVL	O6	ACS2023,ECG	Sınırlandırılmış sentetik eğitim senaryosu. Anterior ST anlık bileşenleri I+0,04 mV, II−0,04 mV; lateral artırılmış sinyal ayrı hesaplanıyor.	aVL ST voltajı kaçtır?	+0,06 mV
C199	flutter	flutterCount	O6	SVT2019,ECG	Sınırlandırılmış sentetik eğitim senaryosu. Sabit 2:1 öğretim ritmi 300/dk atriyal,150/dk ventriküler; sayım penceresi 6 s olarak verilmiş.	Bu pencerenin atriyal/ventriküler çevrim sayıları hangisidir?	30 F ve 15 QRS
C200	rbbb	pToQR315	O6	BBB2009,ECG	Sınırlandırılmış sentetik eğitim senaryosu. RBBB sinüs atımında P başlangıcı−235 ms, QRS sonu+80 ms; PR ile QRS birleştirilerek ölçülüyor.	P başlangıcından QRS sonuna toplam süre kaçtır?	315 ms
Q001	normal	rr800	O6	ECG,CYCLE	Sınırlandırılmış sentetik eğitim senaryosu. İki ardışık organize kompleksin R tepeleri 0,8 s aralıklıdır; T tepeleri hız hesabına katılmıyor.	Elektriksel hız hangi değerdir?	75/dk
Q002	normal	pr175	O6	ECG,CYCLE	Sınırlandırılmış sentetik eğitim senaryosu. Sinüs P’nin ilk sapması−0,215 s; QRS’nin ilk sapması−0,040 s.	Milisaniyeye çevrilen PR kaçtır?	175 ms
Q003	normal	q80	O6	ECG,CYCLE	Sınırlandırılmış sentetik eğitim senaryosu. Normal çizimde QRS−0,040 s ile+0,040 s arasında desteklenir.	Çizginin kalınlığından bağımsız aktivasyon süresi kaçtır?	80 ms
Q004	normal	qt350	O6	ECG,CYCLE	Sınırlandırılmış sentetik eğitim senaryosu. Bu sinüs çiziminde T’nin son sınırıR+0,310 s; QRS ilk sınırıR−0,040 s.	QT’nin ham sentetik değeri kaçtır?	350 ms
Q005	normal	pr	O6	ECG,CYCLE	Sınırlandırılmış sentetik eğitim senaryosu. P, R, T farklı tepeler taşır; öğrenci atriyoventriküler iletim süresini tanımlıyor.	PR’nin tanımında hangi iki başlangıç kullanılır?	P başlangıcından QRS başlangıcına ölçülür
Q006	normal	duration	O6	ECG,CYCLE	Sınırlandırılmış sentetik eğitim senaryosu. R lobu yüksek, Q ve S daha küçük; aktivasyon süresi sorusu tüm kompleksi kapsıyor.	QRS genişliği hangi sınırlarla ölçülür?	QRS ilk sapmadan son dönüşe ölçülür
Q007	normal	qt	O6	ECG,CYCLE	Sınırlandırılmış sentetik eğitim senaryosu. T’nin son dönüşü ve QRS’nin ilk sapması belirlenmiş; hız düzeltmesi yapılmıyor.	QT’nin tanımı hangisidir?	QRS başlangıcından T sonuna ölçülür
Q008	normal	avr	O3	ECG,CYCLE	Sınırlandırılmış sentetik eğitim senaryosu. I 0,72 mV ve II 1,00 mV anlık elektriksel potansiyellerdir; artırılmış sağ kol isteniyor.	aVR için doğru formül hangisidir?	aVR=−(I+II)/2
Q009	normal	avl	O3	ECG,CYCLE	Sınırlandırılmış sentetik eğitim senaryosu. Bir andaki I ve II elektriksel bileşenlerinden artırılmış sol kol görüntüsü oluşturulacak.	Doğru aVL formülü hangisidir?	aVL=I−II/2
Q010	normal	avf	O3	ECG,CYCLE	Sınırlandırılmış sentetik eğitim senaryosu. Bir andaki I ve II elektriksel bileşenlerinden artırılmış inferior görüntü oluşturulacak.	Doğru aVF formülü hangisidir?	aVF=II−I/2
Q011	normal	speed	O6	ECG,CYCLE	Sınırlandırılmış sentetik eğitim senaryosu. Oynatma 1×’ten 2×’e alınmış; sinyal fidüsiyelleri ve 16 s gözlem kuralı sabit.	Çarpanın etkisi hangi ifadeyle doğru açıklanır?	Ekran oynatması değişir; modelin zaman ölçütü değişmez
Q012	normal	timeScale	O6	ECG,CYCLE	Sınırlandırılmış sentetik eğitim senaryosu. Bir panel büyütülünce grid pikseli değişiyor; kayıt eksenleri hâlâ saniye ve mV.	Görsel ölçek hakkında hangi ifade doğrudur?	Yatay süre ve dikey voltaj ayrı birimlerdir
Q013	normal	j	O6	ECG,CYCLE	Sınırlandırılmış sentetik eğitim senaryosu. QRS terminal dönüşü ile düz ST çizgisi birleşiyor; R tepesi daha önce.	Bu birleşim sınırı nedir?	J noktası QRS’nin bittiği ST başlangıç sınırıdır
Q014	normal	leadAll	O3	ECG,CYCLE	Sınırlandırılmış sentetik eğitim senaryosu. II yerine V1 seçiliyor; sinyal polaritesi değişiyor, döngü 800 ms kalıyor.	Lead değiştirmek neyi değiştirir?	Derivasyonlar aynı elektriksel kaynağın farklı izdüşümleridir
Q015	normal	rateVsRR	O6	ECG,CYCLE	Sınırlandırılmış sentetik eğitim senaryosu. Hesap aracı normal düzenli dizide 80 ms QRS yerine 800 ms döngü süresini seçiyor.	Hız için hangi formül uygundur?	Hız=60/R–R(saniye) organize düzenli dizide kullanılır
Q016	af	af	O2	AF2024	Sınırlandırılmış sentetik eğitim senaryosu. On ardışık dar kompleksin aralıkları değişken; tümünde tutarlı ayrık P yok, düzenli F tabanı da yok.	En uygun elektriksel örüntü hangisidir?	Atriyal fibrilasyon örüntüsü
Q017	af	afRR	O1	AF2024	Sınırlandırılmış sentetik eğitim senaryosu. Bu AF kaydının en kısa aralığıyla başka bir penceredeki en uzun aralık farklı hız verir.	Temsil edici hız değerlendirmesi nasıl yapılır?	Birden fazla ardışık R–R birlikte incelenir
Q018	af	afProfile	O1	AF2024	Sınırlandırılmış sentetik eğitim senaryosu. Kontrollü profilde 600–1000 ms, hızlı profilde 340–560 ms aralıklar üretiliyor.	Bu iki profil arasındaki ayrım hangisidir?	Düzensizlik korunur; hızlı profil daha kısa R–R içerir
Q019	af	prNone	O6	AF2024,ECG	Sınırlandırılmış sentetik eğitim senaryosu. PR aracında f tabanından rastgele bir tepe seçilmiş; ilişkili P başlangıcı yok.	Bu aralıktaki PR durumu nedir?	Ayrık ilişkili P olmadığı için PR ölçülemez
Q020	af	q80	O6	AF2024,ECG	Sınırlandırılmış sentetik eğitim senaryosu. Dar QRS−40 ms’den+40 ms’ye sürüyor; AF tabanı desteğin dışında da devam ediyor.	Ventriküler kompleks süresi kaçtır?	80 ms
Q021	af	fNotQRS	O1	AF2024	Sınırlandırılmış sentetik eğitim senaryosu. Bir f dalgası QRS’den önce görülüyor, ancak sonraki döngüde aynı ilişki tekrarlanmıyor.	Bu taban etkinliği sayımda nasıl ele alınır?	AF’nin f etkinliği QRS sayımından ayrılır
Q022	af	afAtrial	O4	AF2024,CYCLE	Sınırlandırılmış sentetik eğitim senaryosu. Atriyumlarda ince düzensiz voltaj sürüyor; ayrı koordine kasılma gösterilmiyor.	AF’nin doluş katkısında hangi değişim beklenir?	Organize atriyal kasılma katkısı kaybolur
Q023	af	pulse	O4	AF2024,CYCLE	Sınırlandırılmış sentetik eğitim senaryosu. Elektriksel 90/dk sayım ile palpasyon sayımı eşleştirilecek; QRS dar olması veri olarak var.	Mekanik nabız için hangi çıkarım doğrudur?	Mekanik nabız ayrıca klinik olarak değerlendirilir
Q024	af	afRisk	O5	AF2024	Sınırlandırılmış sentetik eğitim senaryosu. Kontrollü hızda QRS daha seyrek, fakat ayrık sinüs P geri dönmemiş.	Klinik tromboemboli değerlendirmesi hangi ilkeye bağlıdır?	Tromboemboli riski klinik risk verileriyle değerlendirilir
Q025	af	afEarly	O2	AF2024	Sınırlandırılmış sentetik eğitim senaryosu. Kısa R–R’nin morfolojisi yine 80 ms dar; erken geniş ventriküler olay kanıtı yok.	Kısa AF aralığı PVC’den nasıl ayrılır?	Düzensiz dar yanıt izole erken geniş PVC’den ayrılır
Q026	af	limb	O3	AF2024,ECG	Sınırlandırılmış sentetik eğitim senaryosu. f ve QRS bileşenleri I/II elektrot farklarından birlikte türetiliyor.	III için temel bipolar ilişki hangisidir?	II=I+III aynı anda sağlanır
Q027	af	avr	O3	AF2024,ECG	Sınırlandırılmış sentetik eğitim senaryosu. AF’de aynı anlık I/II voltajları sağ kol artırılmış leadine aktarılıyor.	aVR nasıl hesaplanır?	aVR=−(I+II)/2
Q028	af	avl	O3	AF2024,ECG	Sınırlandırılmış sentetik eğitim senaryosu. Düzensiz sinyalde sol kol artırılmış leadin hem taban hem QRS’si tutarlı türetiliyor.	aVL ilişkisi hangisidir?	aVL=I−II/2
Q029	af	fastFill	O4	AF2024,CYCLE	Sınırlandırılmış sentetik eğitim senaryosu. Hızlı AF’ye geçince daha kısa diyastol çiziliyor; doğrudan basınç/debi verisi yok.	Hız ve doluş hakkında hangi sınırlandırılmış yorum uygundur?	Kısa döngü diyastolik doluş süresini kısaltabilir
Q030	af	fill	O4	AF2024,CYCLE	Sınırlandırılmış sentetik eğitim senaryosu. Son QRS’den sonra AV açıkken tabanda f etkinliği sürüyor; ventrikül hacmi doluşla geri geliyor.	Kapak düzeninin mekanik yorumu nedir?	AV kapaklar açık; ventriküler doluş
Q031	stemi	anterior	O3	ACS2023,ECG	Sınırlandırılmış sentetik eğitim senaryosu. V1, V2, V3, V4 birlikte yükselmiş ST içeriyor; II ve III’de aynı baskın yükselme görülmüyor.	Dağılımın doğru adı hangisidir?	Anterior prekordiyal ST dağılımı
Q032	stemi	stContiguous	O3	ACS2023,ECG	Sınırlandırılmış sentetik eğitim senaryosu. Komşu V2/V3/V4 değişimleri ve iskemik belirtiler birlikte verilmiş; tek tepeye odaklanılmıyor.	Bölgesel ST yorumu hangi yöntemle yapılır?	Komşu derivasyonlardaki dağılım birlikte incelenir
Q033	stemi	st32	O6	ACS2023,ECG	Sınırlandırılmış sentetik eğitim senaryosu. V3 J+20 ms+0,32 mV, TP 0 mV; sayısal voltaj farkı isteniyor.	ST ölçümü hangi değerdir?	+0,32 mV
Q034	stemi	st	O6	ACS2023,ECG	Sınırlandırılmış sentetik eğitim senaryosu. R tepesinden sonra QRS biter; ST platosu T’den önce devam eder.	ST yüksekliği için hangi yaklaşım doğru tanımdır?	J sonrası ST voltajı uygun tabana göre ölçülür
Q035	stemi	j	O6	ACS2023,ECG	Sınırlandırılmış sentetik eğitim senaryosu. Kaliper mevcut QRS’nin son sapmasını belirliyor; sonraki QRS değil.	QRS–ST birleşiminin fidüsiyeli hangisidir?	J noktası QRS’nin bittiği ST başlangıç sınırıdır
Q036	stemi	rr800	O6	ACS2023,ECG	Sınırlandırılmış sentetik eğitim senaryosu. Düzenli sinüs dizisinde iki R arası 800 ms; ST yükselmesi bu süreyi değiştirmiyor.	Ventriküler elektriksel hız kaçtır?	75/dk
Q037	stemi	pr175	O6	ACS2023,ECG	Sınırlandırılmış sentetik eğitim senaryosu. P−215 ms ve QRS−40 ms ilk sapmaları veriliyor; J noktası daha sonraki sınır.	PR değeri kaçtır?	175 ms
Q038	stemi	q80	O6	ACS2023,ECG	Sınırlandırılmış sentetik eğitim senaryosu. QRS ilk ve son sınırları−40/+40 ms; sonrasında yükselmiş ST var.	QRS aktivasyon süresi kaçtır?	80 ms
Q039	stemi	qt350	O6	ACS2023,ECG	Sınırlandırılmış sentetik eğitim senaryosu. ST platosu yükselmiş ama T sonuR+310 ms; QRS başlangıcıR−40 ms.	Ham sentetik QT kaçtır?	350 ms
Q040	stemi	ischemiaFlow	O4	ACS2023,CYCLE	Sınırlandırılmış sentetik eğitim senaryosu. Bölgesel duvar hareketi zayıf gösterilirken global çıkış parçacıkları sürüyor.	İskemi şeması ile gerçek hemodinami nasıl ayrılır?	Bölgesel azalma şematiktir; global ileri akım sürebilir
Q041	stemi	ischemiaLimits	O5	ACS2023	Sınırlandırılmış sentetik eğitim senaryosu. ST bölgesi anterior, koroner anatomi ve klinik seri veriler henüz yok.	Tek çizimden damar/klinik tanı çıkarımı için hangi sınır gerekir?	Bölgesel ST örüntüsü klinik bağlam ve seri EKG ister
Q042	stemi	urgent	O5	ACS2023	Sınırlandırılmış sentetik eğitim senaryosu. Devam eden göğüs ağrısı var;75/dk sinüs düzeni korunuyor.	Klinik değerlendirme gereksinimi nasıl yorumlanır?	Semptom/perfüzyonla acil değerlendirme ve uygun algoritma
Q043	stemi	limb	O3	ACS2023,ECG	Sınırlandırılmış sentetik eğitim senaryosu. I+0,04, II−0,04 mV anlık ST bileşenleri ve III−0,08 mV birlikte gösteriliyor.	Bipolar ilişki hangisidir?	II=I+III aynı anda sağlanır
Q044	stemi	leadAll	O3	ACS2023,ECG	Sınırlandırılmış sentetik eğitim senaryosu. II, V3 ve aVL’yi seçmek aynı kaynakta farklı ST voltajları gösteriyor.	Lead değişimi nasıl yorumlanır?	Derivasyonlar aynı elektriksel kaynağın farklı izdüşümleridir
Q045	stemi	pulse	O4	ACS2023,CYCLE	Sınırlandırılmış sentetik eğitim senaryosu. Düzenli organize QRS yanında klinik perfüzyon bilgisi eksik; ST bölgesi biliniyor.	Mekanik nabız için hangi ek yaklaşım gerekir?	Mekanik nabız ayrıca klinik olarak değerlendirilir
Q046	pvc	pvc	O2	VA2022	Sınırlandırılmış sentetik eğitim senaryosu. 800 ms temel sinüs döngüsü içinde erken 480 ms aralıklı,140 ms farklı QRS beliriyor.	Olayın doğru örüntü adı hangisidir?	Ventriküler erken atımla uyumlu örüntü
Q047	pvc	pvcOrigin	O2	VA2022	Sınırlandırılmış sentetik eğitim senaryosu. Öncül ilişkili P yok; ventriküler kompleks beklenen sinüs anından önce başlıyor.	Erken olayın elektriksel kaynağı nasıl açıklanır?	Beklenen sinüs atımından önce ventriküler aktivasyon
Q048	pvc	pvcPause	O1	VA2022	Sınırlandırılmış sentetik eğitim senaryosu. Erken aralık 480 ms, postektopik aralık 1120 ms; toplam iki 800 ms temel döngü.	Duraklamanın bu sentetik örnekteki yorumu nedir?	Erken aralıkla duraklama toplamı iki temel döngüdür
Q049	pvc	q140	O6	VA2022,ECG	Sınırlandırılmış sentetik eğitim senaryosu. Geniş erken dalga−60/+80 ms sınırlarına sahiptir; sonraki sinüs kompleksi dardır.	Erken QRS süresi kaçtır?	140 ms
Q050	pvc	q80	O6	VA2022,ECG	Sınırlandırılmış sentetik eğitim senaryosu. Bu PVC penceresindeki temel sinüs QRS’si−40/+40 ms arasında; PVC’yle karıştırılmıyor.	Sinüs kompleksinin süresi kaçtır?	80 ms
Q051	pvc	pvcT	O1	VA2022	Sınırlandırılmış sentetik eğitim senaryosu. Erken olaydan sonraki T’nin ana yönü QRS’ye ters; izde sonraki sinüs T farklıdır.	Repolarizasyon değişimi nasıl sınıflanır?	Geniş erken QRS sonrası sekonder diskordan T
Q052	pvc	qrsWidthCause	O5	VA2022	Sınırlandırılmış sentetik eğitim senaryosu. 140 ms tek erken kompleks ile 140 ms her sinüs atımında terminal dal gecikmesi karşılaştırılıyor.	Genişlik yorumunda hangi ilke korunmalıdır?	Genişlik morfoloji ve klinik kanıtla birlikte yorumlanır
Q053	pvc	prNone	O6	VA2022,ECG	Sınırlandırılmış sentetik eğitim senaryosu. Erken QRS’de P sınırı yok; sinüs aralığı için ölçülen PR bu olaya aktarılmak isteniyor.	Erken olayın PR durumu nedir?	Ayrık ilişkili P olmadığı için PR ölçülemez
Q054	pvc	pr175	O6	VA2022,ECG	Sınırlandırılmış sentetik eğitim senaryosu. Komşu sinüs atımında P−215 ms, QRS−40 ms; yalnız bu atımda PR tanımlı.	Sinüs PR değeri kaçtır?	175 ms
Q055	pvc	qt410	O6	VA2022,ECG	Sınırlandırılmış sentetik eğitim senaryosu. PVC’de QRS−60 ms, T sonu+350 ms; toplam destek isteniyor.	Ham sentetik QT kaçtır?	410 ms
Q056	pvc	duration	O6	VA2022,ECG	Sınırlandırılmış sentetik eğitim senaryosu. Öğrenci yalnız erken geniş kompleksin pozitif tepesini kaliperle kapsıyor.	Toplam QRS için hangi sınır tanımı gerekir?	QRS ilk sapmadan son dönüşe ölçülür
Q057	pvc	limits	O5	VA2022	Sınırlandırılmış sentetik eğitim senaryosu. Tekleme hissi verilmiş fakat sıklık, yapısal hastalık ve semptom ilişkisi bilinmiyor.	Risk ve etiyoloji için hangi sınır uygundur?	Örüntü desteklenir; etiyoloji/risk ek veri ister
Q058	pvc	pulse	O4	VA2022,CYCLE	Sınırlandırılmış sentetik eğitim senaryosu. Erken elektriksel atımın palpasyonda hissedilip hissedilmediği değerlendirilmemiş.	Mekanik nabız için ne gerekir?	Mekanik nabız ayrıca klinik olarak değerlendirilir
Q059	pvc	fill	O4	VA2022,CYCLE	Sınırlandırılmış sentetik eğitim senaryosu. Postektopik daha uzun döngüde AV kapaklar açık ve hacim toparlanıyor.	Bu kapak/hacim durumu hangi evredir?	AV kapaklar açık; ventriküler doluş
Q060	pvc	avf	O3	VA2022,ECG	Sınırlandırılmış sentetik eğitim senaryosu. Erken QRS ve sekonder T’nin I/II voltajları artırılmış inferior leadine birlikte aktarılıyor.	aVF’nin tutarlı dönüşümü hangisidir?	aVF=II−I/2
Q061	svt	svt	O2	SVT2019	Sınırlandırılmış sentetik eğitim senaryosu. 167/dk düzenli 80 ms kompleksler var; ayrık sinüs veya ektopik P bu pencerede gösterilmemiş.	Tanımlanabilecek en uygun örüntü hangisidir?	Mekanizması belirlenemeyen düzenli dar kompleks taşikardi
Q062	svt	rr360	O6	SVT2019,ECG	Sınırlandırılmış sentetik eğitim senaryosu. Bir R’den sonraki R’ye 360 ms var; dar QRS genişliği 80 ms ayrıca verilmiş.	Döngüden hesaplanan hız kaçtır?	Yaklaşık 167/dk
Q063	svt	q80	O6	SVT2019,ECG	Sınırlandırılmış sentetik eğitim senaryosu. QRS desteği−40/+40 ms; P seçilememesi QRS sınırlarını ortadan kaldırmıyor.	QRS süresi kaçtır?	80 ms
Q064	svt	svtLimits	O5	SVT2019	Sınırlandırılmış sentetik eğitim senaryosu. Dar taşikardinin P’si T veya QRS ile örtüşebilir; mekanizma belirleyici ek veri yok.	Kesin AVNRT/AVRT ayrımı için hangi sınır geçerlidir?	Kesin mekanizma için ek EKG ve klinik veri gerekir
Q065	svt	prNone	O6	SVT2019,ECG	Sınırlandırılmış sentetik eğitim senaryosu. PR kutusuna varsayılan 175 ms konmuş ama ayrık ilişkili P başlangıcı saptanmamış.	Ölçümün doğru durumu nedir?	Ayrık ilişkili P olmadığı için PR ölçülemez
Q066	svt	rateVsRR	O6	SVT2019,ECG	Sınırlandırılmış sentetik eğitim senaryosu. Hız hesabı QRS genişliğiyle değil düzenli R–R ile yapılacak; zaman birimi saniye.	Doğru formül hangisidir?	Hız=60/R–R(saniye) organize düzenli dizide kullanılır
Q067	svt	qt245	O6	SVT2019,ECG	Sınırlandırılmış sentetik eğitim senaryosu. Hızlı çizimde QRS başlangıcı−40 ms, T sonu+205 ms.	Ham sentetik QT kaçtır?	245 ms
Q068	svt	qt	O6	SVT2019,ECG	Sınırlandırılmış sentetik eğitim senaryosu. Repolarizasyon için R/T tepeleri yerine QRS ilk sapması/T sonu aranıyor.	QT tanımında hangi sınırlar doğrudur?	QRS başlangıcından T sonuna ölçülür
Q069	svt	mechanic	O4	SVT2019,CYCLE	Sınırlandırılmış sentetik eğitim senaryosu. 45 ms’de kasılma başlamış, semilüner kapaklar henüz açılmamış;60 ms’de ejeksiyon başlayacak.	45 ms’nin kapak/faz açıklaması nedir?	Tüm kapaklar kapalı; izovolümetrik kasılma
Q070	svt	eject	O4	SVT2019,CYCLE	Sınırlandırılmış sentetik eğitim senaryosu. 100 ms’de AV kapaklar kapalı, çıkışlar açık; elektriksel T bölümü yaklaşmakta.	Mekanik anın doğru açıklaması nedir?	Çıkış kapakları açık; ventriküler ejeksiyon
Q071	svt	fastFill	O4	SVT2019,CYCLE	Sınırlandırılmış sentetik eğitim senaryosu. Döngü 360 ms olduğundan doluş penceresi 75/dk örnekten daha kısa; hasta debisi ölçülmüyor.	Hız–doluş için hangi ifade uygundur?	Kısa döngü diyastolik doluş süresini kısaltabilir
Q072	svt	leadAll	O3	SVT2019,ECG	Sınırlandırılmış sentetik eğitim senaryosu. T sona yaklaşırken prekordiyal grup V1’den V6’ya alınmış; ritim kaynağı değişmiyor.	Lead değişiminin anlamı nedir?	Derivasyonlar aynı elektriksel kaynağın farklı izdüşümleridir
Q073	svt	speed	O6	SVT2019,ECG	Sınırlandırılmış sentetik eğitim senaryosu. Şerit 2× oynatılınca dalga akışı hızlanıyor fakat 360 ms model döngüsü aynı.	Oynatma ve gerçek izleme süresi nasıl ayrılır?	Ekran oynatması değişir; modelin zaman ölçütü değişmez
Q074	svt	pulse	O4	SVT2019,CYCLE	Sınırlandırılmış sentetik eğitim senaryosu. Organize dar hızlı QRS var; klinik palpasyon ve basınç verisi yok.	Mekanik nabız hakkında ne gerekir?	Mekanik nabız ayrıca klinik olarak değerlendirilir
Q075	svt	urgent	O5	SVT2019	Sınırlandırılmış sentetik eğitim senaryosu. Presenkop ve hızlı düzenli çarpıntı bildirilmiş; tüm ayrıntılar klinik ekibe ait.	Hangi klinik değerlendirme ilkesi uygundur?	Semptom/perfüzyonla acil değerlendirme ve uygun algoritma
Q076	inferior	inferior	O3	ACS2023,ECG	Sınırlandırılmış sentetik eğitim senaryosu. II, III, aVF’de pozitif ST, I/aVL’de negatif ST; V3’te baskın anterior yükselme yok.	Bu dağılım nasıl sınıflanır?	İnferior ST yükselmesi ve lateral karşılıklı çökme
Q077	inferior	st20	O6	ACS2023,ECG	Sınırlandırılmış sentetik eğitim senaryosu. II’de J+20 ms+0,20 mV ve taban 0 mV; QRS sona ermiş.	ST voltaj farkı kaçtır?	+0,20 mV
Q078	inferior	iii28	O6	ACS2023,ECG	Sınırlandırılmış sentetik eğitim senaryosu. I−0,08 ve II+0,20 mV anlık değerlerinden III hesaplanıyor.	III değeri kaçtır?	+0,28 mV
Q079	inferior	avf24	O6	ACS2023,ECG	Sınırlandırılmış sentetik eğitim senaryosu. Inferior ST anında I−0,08 mV ve II+0,20 mV; bu değerler inferior artırılmış lead için kullanılacak.	aVF değeri kaçtır?	+0,24 mV
Q080	inferior	avl18	O6	ACS2023,ECG	Sınırlandırılmış sentetik eğitim senaryosu. Inferior ST anında I−0,08 mV ve II+0,20 mV; bu değerler lateral artırılmış lead için kullanılacak.	aVL değeri kaçtır?	−0,18 mV
Q081	inferior	stContiguous	O3	ACS2023,ECG	Sınırlandırılmış sentetik eğitim senaryosu. Inferior grubun tümünde yükselme, lateral grupta karşılıklı çökme ayrı kanıtlar olarak okunuyor.	Bölgesel yorum yöntemi hangisidir?	Komşu derivasyonlardaki dağılım birlikte incelenir
Q082	inferior	st	O6	ACS2023,ECG	Sınırlandırılmış sentetik eğitim senaryosu. Ölçüm aVL T tepesine değil terminal QRS’den 20 ms sonrasına konacak.	ST yüksekliği için doğru tanım hangisidir?	J sonrası ST voltajı uygun tabana göre ölçülür
Q083	inferior	j	O6	ACS2023,ECG	Sınırlandırılmış sentetik eğitim senaryosu. Terminal QRS sonrası plato başlıyor; öğretim modelinin ölçüm sınırı bu geçişi kullanıyor.	Bu geçiş sınırı hangisidir?	J noktası QRS’nin bittiği ST başlangıç sınırıdır
Q084	inferior	urgent	O5	ACS2023	Sınırlandırılmış sentetik eğitim senaryosu. Düzenli 75/dk P–QRS dizisi var; inferior ST değişimi süren ağrıyla birlikte.	Klinik değerlendirme gereksinimi hangi ilkedir?	Semptom/perfüzyonla acil değerlendirme ve uygun algoritma
Q085	inferior	ischemiaLimits	O5	ACS2023	Sınırlandırılmış sentetik eğitim senaryosu. Sadece inferior bölge verilmiş; damar anatomisi ve diğer klinik testler verilmemiş.	Kesin damar çıkarımı için hangi sınır gerekir?	Bölgesel ST örüntüsü klinik bağlam ve seri EKG ister
Q086	inferior	ischemiaFlow	O4	ACS2023,CYCLE	Sınırlandırılmış sentetik eğitim senaryosu. Bir duvar bölgesinin hareketi azalırken global ileri akım şematiktir ve sürer.	Hangi dolaşım yorumu uygundur?	Bölgesel azalma şematiktir; global ileri akım sürebilir
Q087	inferior	pr175	O6	ACS2023,ECG	Sınırlandırılmış sentetik eğitim senaryosu. Sinüs P−215 ms, QRS−40 ms; ST ölçümü PR’den daha sonra.	PR kaçtır?	175 ms
Q088	inferior	q80	O6	ACS2023,ECG	Sınırlandırılmış sentetik eğitim senaryosu. Dar QRS desteği−40/+40 ms; bölgesel voltaj değişimi kompleksi genişletmemiş.	QRS süresi kaçtır?	80 ms
Q089	inferior	leadAll	O3	ACS2023,ECG	Sınırlandırılmış sentetik eğitim senaryosu. II yerine aVF seçildiğinde ST+0,20’den+0,24 mV’ye değişiyor; kaynak aynı.	Lead seçimi nasıl yorumlanır?	Derivasyonlar aynı elektriksel kaynağın farklı izdüşümleridir
Q090	inferior	avf	O3	ACS2023,ECG	Sınırlandırılmış sentetik eğitim senaryosu. Ekstremite ST bileşenleri I ve II’den artırılmış inferior sinyali türetiyor.	Genel aVF dönüşümü hangisidir?	aVF=II−I/2
Q091	vt	vt	O2	VA2022,ALS2025	Sınırlandırılmış sentetik eğitim senaryosu. Ardışık düzenli geniş tek biçimli kompleksler 158/dk; ek klinik kanıtla VT kuşkusu değerlendirilmekte.	Öncelikli elektriksel sınıflama hangisidir?	VT olarak öncelikle değerlendirilmesi gereken geniş taşikardi
Q092	vt	rr380	O6	VA2022,ALS2025,ECG	Sınırlandırılmış sentetik eğitim senaryosu. R–R 380 ms ve QRS 180 ms ayrı ölçülmüş; ventriküler hız döngüden bulunacak.	Yaklaşık elektriksel hız kaçtır?	Yaklaşık 158/dk
Q093	vt	q180	O6	VA2022,ALS2025,ECG	Sınırlandırılmış sentetik eğitim senaryosu. QRS desteği−70 ms’den+110 ms’ye; terminal kısım ölçüme dahildir.	QRS genişliği kaçtır?	180 ms
Q094	vt	qt345	O6	VA2022,ALS2025,ECG	Sınırlandırılmış sentetik eğitim senaryosu. QRS başlangıcı−70 ms, T sonu+275 ms; klinik hız düzeltmesi istenmiyor.	Ham sentetik QT kaçtır?	345 ms
Q095	vt	qrsWidthCause	O5	VA2022,ALS2025	Sınırlandırılmış sentetik eğitim senaryosu. Geniş taşikardide sadece genişlik verilmiş; aberrans/VT ayrımı için ek kanıt araştırılıyor.	Genişlik için hangi sınır doğrudur?	Genişlik morfoloji ve klinik kanıtla birlikte yorumlanır
Q096	vt	vtContext	O5	VA2022,ALS2025	Sınırlandırılmış sentetik eğitim senaryosu. Kayıt VT örneği ama perfüzyon ve nabız verisi dışarıdan eklenecek.	Klinik acil yaklaşımı hangi ek veriler ayırır?	Nabız ve hemodinamik durum ayrıca belirlenir
Q097	vt	prNone	O6	VA2022,ALS2025,ECG	Sınırlandırılmış sentetik eğitim senaryosu. P ile QRS arasında tanımlanmış sabit başlangıç ilişkisi yok; PR alanı boş.	PR için hangi ölçüm durumu doğrudur?	Ayrık ilişkili P olmadığı için PR ölçülemez
Q098	vt	mechanic	O4	VA2022,ALS2025,CYCLE	Sınırlandırılmış sentetik eğitim senaryosu. 70 ms’de kasılma sürüyor fakat çıkışlar kapalı;100 ms’den sonra çıkış açılacak.	70 ms’deki mekanik faz hangisidir?	Tüm kapaklar kapalı; izovolümetrik kasılma
Q099	vt	eject	O4	VA2022,ALS2025,CYCLE	Sınırlandırılmış sentetik eğitim senaryosu. 140 ms’de çıkış kapakları açık, AV kapaklar kapalı; düşük şematik ileri akım var.	Bu mekanik durum nasıl açıklanır?	Çıkış kapakları açık; ventriküler ejeksiyon
Q100	vt	fastFill	O4	VA2022,ALS2025,CYCLE	Sınırlandırılmış sentetik eğitim senaryosu. 380 ms döngüde 300 ms kasılma sonuna yaklaşılır; doluş aralığı kısadır.	Hızın doluş etkisi için hangi ifade uygundur?	Kısa döngü diyastolik doluş süresini kısaltabilir
Q101	vt	duration	O6	VA2022,ALS2025,ECG	Sınırlandırılmış sentetik eğitim senaryosu. Geniş QRS sonrası sekonder T var; kaliper toplam QRS’yi belirlemek istiyor.	QRS sınır ölçüm tanımı hangisidir?	QRS ilk sapmadan son dönüşe ölçülür
Q102	vt	t	O1	VA2022,ALS2025	Sınırlandırılmış sentetik eğitim senaryosu. Repolarizasyon yönü ana QRS’ye ters; öğrenci T’yi ikinci ventriküler aktivasyon sanıyor.	T’nin temel elektriksel anlamı nedir?	T: ventriküler repolarizasyon
Q103	vt	avf	O3	VA2022,ALS2025,ECG	Sınırlandırılmış sentetik eğitim senaryosu. I ve II aynı geniş kompleksin anlık bileşenleridir; artırılmış inferior voltaj türetilecek.	Doğru aVF dönüşümü hangisidir?	aVF=II−I/2
Q104	vt	pulse	O4	VA2022,ALS2025,CYCLE	Sınırlandırılmış sentetik eğitim senaryosu. Monitör 158/dk sayıyor; arter nabzının sayısı ve gücü henüz kaydedilmemiş.	Nabız için hangi çıkarım sınırı geçerlidir?	Mekanik nabız ayrıca klinik olarak değerlendirilir
Q105	vt	urgent	O5	VA2022,ALS2025	Sınırlandırılmış sentetik eğitim senaryosu. Geniş taşikardi ve bilinç değişikliği birlikte verilmiş; bu eğitim aracı tedavi ölçmez.	Hangi klinik değerlendirme ilkesi geçerlidir?	Semptom/perfüzyonla acil değerlendirme ve uygun algoritma
Q106	vf	vf	O2	VA2022,ALS2025	Sınırlandırılmış sentetik eğitim senaryosu. Değişken genlikli kaotik etkinlikte tekrarlayan ayrık QRS dizisi yok; klinik arrest bağlamı verilmiş.	Elektriksel örüntü hangisidir?	Ventriküler fibrilasyonla uyumlu elektriksel örüntü
Q107	vf	noQrs	O1	VA2022,ALS2025	Sınırlandırılmış sentetik eğitim senaryosu. Dalgada pozitif ve negatif tepeler var ama organize kompleks başlangıç/sonu yok.	QRS genişliği için hangi ifade doğrudur?	Organize QRS sınırları seçilemez
Q108	vf	vfRate	O6	VA2022,ALS2025,ECG	Sınırlandırılmış sentetik eğitim senaryosu. Kaotik tepe frekansı farklı pencerelerde değişiyor; bunlar organize atım değil.	Elektriksel ventrikül hızı nasıl raporlanır?	Organize QRS hızı hesaplanamaz
Q109	vf	qtNone	O6	VA2022,ALS2025,ECG	Sınırlandırılmış sentetik eğitim senaryosu. QT aracının iki fidüsiyeli tanımlanamıyor; önceki ritim aralıkları yeni kayda uygulanmıyor.	QT durumu hangisidir?	QT tanımlanamaz; organize QRS ve T sınırı yok
Q110	vf	prNone	O6	VA2022,ALS2025,ECG	Sınırlandırılmış sentetik eğitim senaryosu. P başlangıcı görünmüyor ve QRS ile sabit atriyal ilişki kurulamıyor.	PR için hangi ifade doğrudur?	Ayrık ilişkili P olmadığı için PR ölçülemez
Q111	vf	vfFlow	O4	VA2022,ALS2025,CYCLE	Sınırlandırılmış sentetik eğitim senaryosu. VF modelinde aort, pulmoner, venöz ve koroner parçacıkların tamamı aynı yerde kalıyor.	İleri dolaşım için doğru açıklama nedir?	Etkili ileri akım ve organize ejeksiyon yok
Q112	vf	urgent	O5	VA2022,ALS2025	Sınırlandırılmış sentetik eğitim senaryosu. Yanıtsızlık ve dolaşım bulgusu yokluğu kaotik elektriksel görünümle birlikte.	Hangi klinik değerlendirme ilkesi uygundur?	Semptom/perfüzyonla acil değerlendirme ve uygun algoritma
Q113	vf	vfArtifact	O5	VA2022,ALS2025	Sınırlandırılmış sentetik eğitim senaryosu. Benzer kaotik monitor izi sırasında kişi konuşuyor ve klinik perfüzyonu normal bulunuyor.	Bu çelişki nasıl değerlendirilir?	Klinik durumu ve elektrot/sinyal güvenilirliğini doğrula
Q114	vf	limb	O3	VA2022,ALS2025,ECG	Sınırlandırılmış sentetik eğitim senaryosu. Kaotik I/II elektriksel değerleri aynı zamanda alınmış; III dönüşümle türetiliyor.	Bipolar ilişki hangisidir?	II=I+III aynı anda sağlanır
Q115	vf	avr	O3	VA2022,ALS2025,ECG	Sınırlandırılmış sentetik eğitim senaryosu. VF’nin hem hızlı hem yavaş bileşenleri artırılmış sağ kol leadine aktarılıyor.	aVR formülü hangisidir?	aVR=−(I+II)/2
Q116	vf	avl	O3	VA2022,ALS2025,ECG	Sınırlandırılmış sentetik eğitim senaryosu. Kaotik sinyalin artırılmış sol kol izdüşümü de aynı I/II potansiyellerinden alınacak.	aVL formülü hangisidir?	aVL=I−II/2
Q117	vf	avf	O3	VA2022,ALS2025,ECG	Sınırlandırılmış sentetik eğitim senaryosu. Kaotik sinyalin artırılmış inferior izdüşümü aynı I/II potansiyellerinden alınacak.	aVF formülü hangisidir?	aVF=II−I/2
Q118	vf	leadAll	O3	VA2022,ALS2025,ECG	Sınırlandırılmış sentetik eğitim senaryosu. II’den V2’ye geçince kaotik dalganın şekli değişiyor; seçili kaynak VF kalıyor.	Lead seçimiyle değişen özellik hangisidir?	Derivasyonlar aynı elektriksel kaynağın farklı izdüşümleridir
Q119	vf	timeScale	O6	VA2022,ALS2025,ECG	Sınırlandırılmış sentetik eğitim senaryosu. Dalga ekran boyunca çizilmiş; dikey mV ve yatay saniye etiketleri farklı.	Ekran orantısı ve fiziksel ölçek için doğru ifade hangisidir?	Yatay süre ve dikey voltaj ayrı birimlerdir
Q120	vf	limits	O5	VA2022,ALS2025	Sınırlandırılmış sentetik eğitim senaryosu. Arrest görünümü eğitim için sınırlandırılmış; neden, süre ve gerçek müdahale sonucu bilinmiyor.	Bu kayıt hangi genel çıkarım sınırını korumalıdır?	Örüntü desteklenir; etiyoloji/risk ek veri ister
Q121	pat	at	O2	SVT2019	Sınırlandırılmış sentetik eğitim senaryosu. Sinüs dışı ayrık ters inferior P, izoelektrik aralık ve 150/dk dar düzenli QRS birlikte.	Alt örüntü için hangi sınıflama savunulabilir?	Fokal atriyal taşikardiyle uyumlu örüntü
Q122	pat	atAxis	O1	SVT2019	Sınırlandırılmış sentetik eğitim senaryosu. II’de P tersken QRS dar; önceki sinüs P pozitifti, odak anatomisi kesin verilmemiş.	P ekseni nasıl yorumlanır?	Bu örnekte inferior ters ayrık P ektopik ekseni destekler
Q123	pat	atLimits	O5	SVT2019	Sınırlandırılmış sentetik eğitim senaryosu. Üç saniyelik sürekli kayıtta ektopik P var; atağın başlangıcı ve sonu yok.	Paroksismal davranış için hangi sınır geçerlidir?	Fokal AT desteklenir; paroksismal başlangıç kanıtlanmaz
Q124	pat	pr140	O6	SVT2019,ECG	Sınırlandırılmış sentetik eğitim senaryosu. P’nin ilk sapması−180 ms, QRS’nin ilk sapması−40 ms; P merkezi daha sonra.	PR kaçtır?	140 ms
Q125	pat	rr400	O6	SVT2019,ECG	Sınırlandırılmış sentetik eğitim senaryosu. Organize ventriküler aralık 400 ms; atriyal P hızı da 1:1 ilişkili.	Ventriküler elektriksel hız kaçtır?	150/dk
Q126	pat	q80	O6	SVT2019,ECG	Sınırlandırılmış sentetik eğitim senaryosu. QRS’nin ilk sapması−40 ms, sonu+40 ms; ektopik P ayrı bir dalga.	QRS süresi kaçtır?	80 ms
Q127	pat	qt245	O6	SVT2019,ECG	Sınırlandırılmış sentetik eğitim senaryosu. Hızlı atriyal örnekte T sonu+205 ms, QRS ilk sapma−40 ms.	Ham sentetik QT kaçtır?	245 ms
Q128	pat	pr	O6	SVT2019,ECG	Sınırlandırılmış sentetik eğitim senaryosu. Atriyal eksen değişmiş olsa da P sınırı ilk sapma olarak belirlenebiliyor.	PR için doğru tanım hangisidir?	P başlangıcından QRS başlangıcına ölçülür
Q129	pat	p	O1	SVT2019	Sınırlandırılmış sentetik eğitim senaryosu. Ektopik P voltajı negatif; öğrenci bu olayı mekanik geri akım sanıyor.	P’nin temel elektriksel tanımı nedir?	P: atriyal depolarizasyon
Q130	pat	fastFill	O4	SVT2019,CYCLE	Sınırlandırılmış sentetik eğitim senaryosu. Döngü 400 ms; koordine atriyal etkinlik sürse de diyastol kısa.	Hız ve doluş için hangi yorum uygundur?	Kısa döngü diyastolik doluş süresini kısaltabilir
Q131	pat	mechanic	O4	SVT2019,CYCLE	Sınırlandırılmış sentetik eğitim senaryosu. R’den 45 ms’de AV/çıkış kapakları kapalı;60 ms’de ejeksiyon başlayacak.	45 ms mekanik fazı hangisidir?	Tüm kapaklar kapalı; izovolümetrik kasılma
Q132	pat	eject	O4	SVT2019,CYCLE	Sınırlandırılmış sentetik eğitim senaryosu. R’den 100 ms’de semilüner kapaklar açık; ayrık ektopik P bu zamandan önce görülmüştü.	Bu mekanik kapak düzeni nedir?	Çıkış kapakları açık; ventriküler ejeksiyon
Q133	pat	avl	O3	SVT2019,ECG	Sınırlandırılmış sentetik eğitim senaryosu. P ve QRS’nin anlık I/II bileşenleri aynı elektrot dönüşümünü kullanıyor.	aVL formülü hangisidir?	aVL=I−II/2
Q134	pat	leadAll	O3	SVT2019,ECG	Sınırlandırılmış sentetik eğitim senaryosu. LeadII’den V1’e geçince ektopik P izdüşümü farklılaşıyor; atriyal kaynak değişmiyor.	Lead değişimi nasıl açıklanır?	Derivasyonlar aynı elektriksel kaynağın farklı izdüşümleridir
Q135	pat	pulse	O4	SVT2019,CYCLE	Sınırlandırılmış sentetik eğitim senaryosu. 150/dk elektriksel dizide palpasyon henüz yapılmamış; ektopik P’nin varlığı biliniyor.	Nabız değerlendirmesi için hangi sınır korunur?	Mekanik nabız ayrıca klinik olarak değerlendirilir
Q136	flutter	flutter	O2	SVT2019	Sınırlandırılmış sentetik eğitim senaryosu. Sürekli düzenli F tabanında 150/dk dar QRS seçiliyor; atriyal etkinlik 300/dk.	Örüntü sınıflaması hangisidir?	Sabit 2:1 atriyal flutter örüntüsü
Q137	flutter	flutterRatio	O1	SVT2019	Sınırlandırılmış sentetik eğitim senaryosu. Bir F döngüsü 200 ms ve bir QRS döngüsü 400 ms; iki ayrı elektriksel kaynak ölçütü var.	Hız ve iletim ilişkisi hangi seçenektir?	Atriyal 300/dk ve ventriküler 150/dk:2:1
Q138	flutter	flutterPolarity	O3	SVT2019,ECG	Sınırlandırılmış sentetik eğitim senaryosu. Tipik karşı-saat yönlü öğretim örneğinde inferior taban aşağı, V1 taban yukarı yönlü.	F polarite dağılımı hangisidir?	İnferior negatif F, V1 pozitif F
Q139	flutter	fNotP	O1	SVT2019	Sınırlandırılmış sentetik eğitim senaryosu. F dizisi QRS dışında kesintisiz sürüyor, ayrı sinüs P ve sessiz PR dizisi yok.	F ile P arasındaki ayrım nedir?	Sürekli F etkinliği ayrık sinüs P dizisi değildir
Q140	flutter	rr400	O6	SVT2019,ECG	Sınırlandırılmış sentetik eğitim senaryosu. R–R 400 ms; bir öğrenci atriyal 300/dk sayısını ventriküler hız yerine yazıyor.	Ventriküler hız kaçtır?	150/dk
Q141	flutter	q80	O6	SVT2019,ECG	Sınırlandırılmış sentetik eğitim senaryosu. Ventriküler kompleks−40/+40 ms destekli; F etkinliği ölçüm dışında da sürüyor.	QRS süresi kaçtır?	80 ms
Q142	flutter	prNone	O6	SVT2019,ECG	Sınırlandırılmış sentetik eğitim senaryosu. Sürekli F tabanında ilişkili ayrık P ilk sapması tanımlanamıyor.	PR durumu nedir?	Ayrık ilişkili P olmadığı için PR ölçülemez
Q143	flutter	qt245	O6	SVT2019,ECG	Sınırlandırılmış sentetik eğitim senaryosu. Flutter 2:1 örneğinin QRS başlangıcı−40 ms, T sonu+205 ms.	Ham sentetik QT kaçtır?	245 ms
Q144	flutter	fastFill	O4	SVT2019,CYCLE	Sınırlandırılmış sentetik eğitim senaryosu. Hızlı ventriküler yanıt doluş zamanını azaltabilir; F genliği debi ölçümü değildir.	Hız–doluş için hangi yorum uygundur?	Kısa döngü diyastolik doluş süresini kısaltabilir
Q145	flutter	eject	O4	SVT2019,CYCLE	Sınırlandırılmış sentetik eğitim senaryosu. 100 ms’de semilüner çıkış açıkken atriyal F etkinliği devam ediyor.	Mekanik kapak evresi nasıl açıklanır?	Çıkış kapakları açık; ventriküler ejeksiyon
Q146	flutter	fill	O4	SVT2019,CYCLE	Sınırlandırılmış sentetik eğitim senaryosu. 300 ms’de AV giriş açık, çıkışlar kapalı; F etkinliği yine devam ediyor.	Bu kapak ve hacim düzeni hangi evredir?	AV kapaklar açık; ventriküler doluş
Q147	flutter	leadAll	O3	SVT2019,ECG	Sınırlandırılmış sentetik eğitim senaryosu. İki F’ye bir QRS ilişkisi aynı kaynakta lead seçimi değişince de korunuyor.	Lead değişimi neyi değiştirir?	Derivasyonlar aynı elektriksel kaynağın farklı izdüşümleridir
Q148	flutter	avf	O3	SVT2019,ECG	Sınırlandırılmış sentetik eğitim senaryosu. I/II bileşenleriyle hem F tabanı hem QRS inferior artırılmış leadine aktarılıyor.	aVF dönüşümü hangisidir?	aVF=II−I/2
Q149	flutter	pulse	O4	SVT2019,CYCLE	Sınırlandırılmış sentetik eğitim senaryosu. R–R 400 ms elektriksel ölçütü var, fakat gerçek arter nabzı klinik muayenede ölçülecek.	Mekanik nabız için hangi sınır gerekir?	Mekanik nabız ayrıca klinik olarak değerlendirilir
Q150	flutter	limits	O5	SVT2019	Sınırlandırılmış sentetik eğitim senaryosu. Bu kayıt yalnız 2:1 flutter öğretim örneği; değişken iletim ve toplam atak süresi gösterilmemiş.	Genelleme için hangi çıkarım sınırı uygundur?	Örüntü desteklenir; etiyoloji/risk ek veri ister
Q151	sintach	tach	O2	SVT2019,ECG	Sınırlandırılmış sentetik eğitim senaryosu. II’de pozitif, aVR’de negatif ayrık P;120/dk dar düzenli P–QRS dizisi korunmuş.	Örüntü adı hangisidir?	Sinüs taşikardisi örüntüsü
Q152	sintach	sinusAxis	O1	SVT2019,ECG	Sınırlandırılmış sentetik eğitim senaryosu. Atriyal P ekseni değişmemiş; yalnız uygun pozitif II/negatif aVR yönü sorgulanıyor.	Sinüs kökenini destekleyen P dağılımı hangisidir?	II’de pozitif ve aVR’de negatif ayrık P destekleyicidir
Q153	sintach	tachCause	O5	SVT2019,ECG	Sınırlandırılmış sentetik eğitim senaryosu. Ateş ve ağrı olası nedenler olarak verilmiş; EKG sinüs kökenini gösteriyor ama nedeni seçmiyor.	Klinik neden yaklaşımı hangisidir?	Sinüs hız artışının klinik nedeni araştırılır
Q154	sintach	rr500	O6	SVT2019,ECG	Sınırlandırılmış sentetik eğitim senaryosu. R–R 0,500 s; çizgi kalınlığı veya T voltajı hız hesabına katılmayacak.	Elektriksel hız kaçtır?	120/dk
Q155	sintach	pr175	O6	SVT2019,ECG	Sınırlandırılmış sentetik eğitim senaryosu. P ilk sapma−0,215 s, QRS ilk sapma−0,040 s.	PR’nin sayısal değeri kaçtır?	175 ms
Q156	sintach	q80	O6	SVT2019,ECG	Sınırlandırılmış sentetik eğitim senaryosu. QRS 80 ms’nin desteği−40/+40 ms; sonraki hızlı döngü 500 ms.	Kompleks süresi kaçtır?	80 ms
Q157	sintach	qt245	O6	SVT2019,ECG	Sınırlandırılmış sentetik eğitim senaryosu. QRS ilk sapma−40 ms, T sonu+205 ms; hız düzeltmesi yapılmıyor.	Ham sentetik QT kaçtır?	245 ms
Q158	sintach	pr	O6	SVT2019,ECG	Sınırlandırılmış sentetik eğitim senaryosu. Hızlı sinüs çiziminde P ve QRS’nin tepeleri değil ilk sapmaları işaretleniyor.	PR ölçümü için hangi tanım doğrudur?	P başlangıcından QRS başlangıcına ölçülür
Q159	sintach	qrs	O1	SVT2019,ECG	Sınırlandırılmış sentetik eğitim senaryosu. QRS’nin ana elektriksel kaynağı atriyal P’nin kaynağından ayrılıyor.	QRS’nin temel elektriksel tanımı hangisidir?	QRS: ventriküler depolarizasyon
Q160	sintach	t	O1	SVT2019,ECG	Sınırlandırılmış sentetik eğitim senaryosu. T hızlı döngü sonunda görülüyor; ejeksiyonla örtüşmesi mümkün.	T’nin temel elektriksel tanımı hangisidir?	T: ventriküler repolarizasyon
Q161	sintach	mechanic	O4	SVT2019,ECG,CYCLE	Sınırlandırılmış sentetik eğitim senaryosu. 45 ms’de kasılma başlamış ama çıkış kapakları kapalı.	Bu kapak evresi hangi seçenekle açıklanır?	Tüm kapaklar kapalı; izovolümetrik kasılma
Q162	sintach	eject	O4	SVT2019,ECG,CYCLE	Sınırlandırılmış sentetik eğitim senaryosu. 110 ms’de çıkış kapakları açık, AV kapaklar kapalı.	Bu an için hangi açıklama tutarlıdır?	Çıkış kapakları açık; ventriküler ejeksiyon
Q163	sintach	fastFill	O4	SVT2019,ECG,CYCLE	Sınırlandırılmış sentetik eğitim senaryosu. Yüksek hızda koordine atriyal P korunmuş ama döngü 75/dk örneğe göre kısa.	Doluş süresi için hangi yorum uygundur?	Kısa döngü diyastolik doluş süresini kısaltabilir
Q164	sintach	speed	O6	SVT2019,ECG	Sınırlandırılmış sentetik eğitim senaryosu. Oynatma 0,5× yapılınca aynı model 500 ms döngüyü daha yavaş gösteriyor.	Hız kontrolünün anlamı hangi ifadedir?	Ekran oynatması değişir; modelin zaman ölçütü değişmez
Q165	sintach	pulse	O4	SVT2019,ECG,CYCLE	Sınırlandırılmış sentetik eğitim senaryosu. 120/dk QRS kaydı yanında muayene nabzı ve kan basıncı henüz eklenmemiş.	Mekanik nabız hakkında hangi sınır korunur?	Mekanik nabız ayrıca klinik olarak değerlendirilir
Q166	lbbb	lbbb	O2	BBB2009	Sınırlandırılmış sentetik eğitim senaryosu. Sinüs dizisinde 160 ms QRS, V1 negatif kompleks ve V6 geniş çentikli R; her atım aynı.	En uygun ileti sınıflaması hangisidir?	Sol dal bloğuyla uyumlu ileti örüntüsü
Q167	lbbb	lMorph	O3	BBB2009,ECG	Sınırlandırılmış sentetik eğitim senaryosu. Sağ prekordiyal ve lateral izler eşzamanlı; terminal yön dağılımı birlikte soruluyor.	LBBB’nin beklenen morfoloji bileşimi hangisidir?	V1 negatif, lateral geniş çentikli R
Q168	lbbb	q160	O6	BBB2009,ECG	Sınırlandırılmış sentetik eğitim senaryosu. QRS ilk sapma−70 ms, son dönüş+90 ms; terminal çentik dahil.	QRS süresi kaçtır?	160 ms
Q169	lbbb	prL175	O6	BBB2009,ECG	Sınırlandırılmış sentetik eğitim senaryosu. P ilk sapma−245 ms, QRS ilk sapma−70 ms; R referansı başlangıç yerine kullanılmıyor.	PR kaçtır?	175 ms
Q170	lbbb	qt430	O6	BBB2009,ECG	Sınırlandırılmış sentetik eğitim senaryosu. QRS ilk sapma−70 ms, T sonu+360 ms; ölçülen değer ham aralıktır.	Sentetik QT kaçtır?	430 ms
Q171	lbbb	qrsWidthCause	O5	BBB2009	Sınırlandırılmış sentetik eğitim senaryosu. Şerit geniş ama yalnız genişlik dışında morfoloji veya ventriküler köken kanıtı yok.	Genişlik yorumunda hangi sınır doğrudur?	Genişlik morfoloji ve klinik kanıtla birlikte yorumlanır
Q172	lbbb	bbbDelay	O4	BBB2009,CYCLE	Sınırlandırılmış sentetik eğitim senaryosu. Sol ventrikül hareketi görsel olarak geciktirilmiş; hasta mekanik ölçümü yapılmamış.	Bu ayrıştırma nasıl yorumlanır?	Gecikmiş aktivasyon şematik eşzamanlılığı azaltabilir
Q173	lbbb	bbbLimits	O5	BBB2009	Sınırlandırılmış sentetik eğitim senaryosu. Yeni göğüs ağrısı var; LBBB’nin eski olup olmadığı önceki EKG’den araştırılıyor.	Dal bloğunun klinik yorumu hangi ilkeye bağlıdır?	Önceki EKG ve klinik bağlamla yorumlanır
Q174	lbbb	qrs	O1	BBB2009	Sınırlandırılmış sentetik eğitim senaryosu. Çentikli R’nin iki lobu tek kompleks içinde; ayrı iki atım sayılmamalı.	QRS’nin temel elektriksel tanımı nedir?	QRS: ventriküler depolarizasyon
Q175	lbbb	t	O1	BBB2009	Sınırlandırılmış sentetik eğitim senaryosu. Terminal R ve sonraki negatif T birbirinden ayrılmış; T klinik akım ölçümü değildir.	T’nin elektriksel tanımı hangisidir?	T: ventriküler repolarizasyon
Q176	lbbb	rr800	O6	BBB2009,ECG	Sınırlandırılmış sentetik eğitim senaryosu. İki R referansı 800 ms aralıklı; geniş kompleks süresi 160 ms ayrıca verilmiş.	Ventriküler elektriksel hız kaçtır?	75/dk
Q177	lbbb	duration	O6	BBB2009,ECG	Sınırlandırılmış sentetik eğitim senaryosu. Kaliper yalnız ilk R lobunu kapsıyor; son çentik/terminal dönüş dışarıda.	Toplam QRS ölçümü için hangi sınırlar gerekir?	QRS ilk sapmadan son dönüşe ölçülür
Q178	lbbb	pulse	O4	BBB2009,CYCLE	Sınırlandırılmış sentetik eğitim senaryosu. Geniş QRS kaydı varken palpasyon ve basınç verisi ayrı toplanıyor.	Elektriksel hız–mekanik nabız ilişkisi nedir?	Mekanik nabız ayrıca klinik olarak değerlendirilir
Q179	lbbb	avl	O3	BBB2009,ECG	Sınırlandırılmış sentetik eğitim senaryosu. Lateral pozitif geniş QRS’nin I/II bileşenleri artırılmış sol kola dönüştürülüyor.	aVL formülü hangisidir?	aVL=I−II/2
Q180	lbbb	leadAll	O3	BBB2009,ECG	Sınırlandırılmış sentetik eğitim senaryosu. LeadV 1’den V6’ya geçince QRS/T yönü değişiyor; ileti kaynağı aynı.	Lead seçiminin temel anlamı nedir?	Derivasyonlar aynı elektriksel kaynağın farklı izdüşümleridir
Q181	rbbb	rbbb	O2	BBB2009	Sınırlandırılmış sentetik eğitim senaryosu. Sinüs P sonrası 140 ms QRS, V1’de terminal R′ ve V6’da terminal S birlikte.	En uygun ileti sınıflaması hangisidir?	Sağ dal bloğuyla uyumlu ileti örüntüsü
Q182	rbbb	rMorph	O3	BBB2009,ECG	Sınırlandırılmış sentetik eğitim senaryosu. Sağ ve lateral terminal QRS yönleri eşzamanlı karşılaştırılıyor; P ilişkisi sabit.	RBBB’nin tipik morfoloji bileşimi hangisidir?	V1 terminal R′, lateral geniş terminal S
Q183	rbbb	q140	O6	BBB2009,ECG	Sınırlandırılmış sentetik eğitim senaryosu. QRS−60 ms’de başlayıp+80 ms’de bitiyor; R′ dahil bütün destek ölçülüyor.	Toplam QRS süresi kaçtır?	140 ms
Q184	rbbb	prR175	O6	BBB2009,ECG	Sınırlandırılmış sentetik eğitim senaryosu. P−235 ms, QRS−60 ms ilk sapmaları verilmiş; terminal gecikme QRS içinde.	PR kaçtır?	175 ms
Q185	rbbb	qt410	O6	BBB2009,ECG	Sınırlandırılmış sentetik eğitim senaryosu. QRS ilk sınırı−60 ms, T son sınırı+350 ms; QTc değil ham model aralığı.	Sentetik QT kaçtır?	410 ms
Q186	rbbb	qrsWidthCause	O5	BBB2009	Sınırlandırılmış sentetik eğitim senaryosu. 140 ms genişlik kaydedilmiş; tek süreyi PVC veya RBBB diye kesin etiyoloji seçmek isteniyor.	Genişlik için hangi sınır geçerlidir?	Genişlik morfoloji ve klinik kanıtla birlikte yorumlanır
Q187	rbbb	bbbDelay	O4	BBB2009,CYCLE	Sınırlandırılmış sentetik eğitim senaryosu. Sağ ventrikül görsel olarak 60 ms ayrıştırılmış; hemodinamik doğrulama bulunmuyor.	Gecikmiş animasyon nasıl yorumlanır?	Gecikmiş aktivasyon şematik eşzamanlılığı azaltabilir
Q188	rbbb	bbbLimits	O5	BBB2009	Sınırlandırılmış sentetik eğitim senaryosu. Önceki EKG yok; yeni semptomlar ve yapısal hastalık ayrıca sorgulanıyor.	Dal bloğunun klinik yorumu için hangi yaklaşım uygundur?	Önceki EKG ve klinik bağlamla yorumlanır
Q189	rbbb	qrs	O1	BBB2009	Sınırlandırılmış sentetik eğitim senaryosu. Terminal R′ QRS içindedir; ayrı T daha sonra ve sağda diskordan görünür.	QRS’nin temel elektriksel tanımı hangisidir?	QRS: ventriküler depolarizasyon
Q190	rbbb	t	O1	BBB2009	Sınırlandırılmış sentetik eğitim senaryosu. Sağ negatif T ventriküler repolarizasyon bölümünde; arter basıncı kaydı değil.	T için doğru elektriksel anlam nedir?	T: ventriküler repolarizasyon
Q191	rbbb	rr800	O6	BBB2009,ECG	Sınırlandırılmış sentetik eğitim senaryosu. R referansları 800 ms aralıklı;140 ms aktivasyon genişliği farklı ölçüt.	Döngüden hesaplanan hız kaçtır?	75/dk
Q192	rbbb	duration	O6	BBB2009,ECG	Sınırlandırılmış sentetik eğitim senaryosu. Ölçüm yalnız ilk r lobuna yerleştirilmiş; geç R′ ve lateral S dışarıda bırakılıyor.	Toplam QRS için hangi sınırlar kullanılmalıdır?	QRS ilk sapmadan son dönüşe ölçülür
Q193	rbbb	pulse	O4	BBB2009,CYCLE	Sınırlandırılmış sentetik eğitim senaryosu. Geniş organize P–QRS dizisi var; nabzın varlığı ve gücü klinik muayeneye bırakılmış.	Nabız değerlendirmesi için hangi sınır geçerlidir?	Mekanik nabız ayrıca klinik olarak değerlendirilir
Q194	rbbb	avr	O3	BBB2009,ECG	Sınırlandırılmış sentetik eğitim senaryosu. I/II’den artırılmış sağ kol leadine terminal QRS bileşenleri de taşınıyor.	aVR formülü hangisidir?	aVR=−(I+II)/2
Q195	rbbb	leadAll	O3	BBB2009,ECG	Sınırlandırılmış sentetik eğitim senaryosu. V1 ve V6 seçenekleri terminal yönü değiştiriyor; elektriksel kaynak sinüs ve sağ dal gecikmesi aynı.	Lead seçimi nasıl açıklanır?	Derivasyonlar aynı elektriksel kaynağın farklı izdüşümleridir
Q196	af	afResidual	O4	AF2024,CYCLE	Sınırlandırılmış sentetik eğitim senaryosu. AF’de atriyum koordine kasılmıyor; ventriküler diyastolde AV açık kalabiliyor ve pasif giriş çizilmiş.	Atriyal katkı ile pasif doluşun ayrımı hangisidir?	Atriyal katkı yokken pasif ventriküler doluş sürebilir
Q197	vt	organizedCompare	O2	VA2022,ALS2025	Sınırlandırılmış sentetik eğitim senaryosu. VT kaydındaki tek biçimli geniş kompleks dizisi, ayrı verilen kaotik VF morfolojisiyle karşılaştırılıyor.	Organize elektriksel etkinlik açısından doğru karşılaştırma hangisidir?	VT organize geniş kompleks; VF kaotik, komplekssiz
Q198	inferior	inferiorAVR	O6	ACS2023,ECG	Sınırlandırılmış sentetik eğitim senaryosu. I−0,08 mV, II+0,20 mV aynı inferior ST anından; sağ kol artırılmış referans isteniyor.	aVR ST bileşeni kaçtır?	−0,06 mV
Q199	lbbb	pToQL335	O6	BBB2009,ECG	Sınırlandırılmış sentetik eğitim senaryosu. LBBB atımında P başlangıcı−245 ms, QRS sonu+90 ms; PR ve QRS birleştirilerek ölçülecek.	Bu toplam atriyal başlangıç–ventriküler depolarizasyon sonu aralığı kaçtır?	335 ms
Q200	vf	componentTransform	O3	VA2022,ALS2025,ECG	Sınırlandırılmış sentetik eğitim senaryosu. Kaotik örnekte voltaj tabanı ve hızlı salınımlar aynı ekstremite elektrot potansiyellerinden geliyor.	Tüm zamanlarda limb tutarlılığı hangi dönüşüm kapsamıyla sağlanır?	Tüm P, QRS, ST, T ve kaotik bileşenler birlikte dönüştürülür
